class	property	access
{LV.AbsTimeConstant}	Auto-Update From Typedef	read
{LV.AbsTimeConstant}	Bounds	read
{LV.AbsTimeConstant}	Bounds:Area Height	read
{LV.AbsTimeConstant}	Bounds:Area Width	read
{LV.AbsTimeConstant}	Class ID	read
{LV.AbsTimeConstant}	Class Name	read
{LV.AbsTimeConstant}	Description	read
{LV.AbsTimeConstant}	Format String	read
{LV.AbsTimeConstant}	Group Member Refs[]	read
{LV.AbsTimeConstant}	Grouped	read
{LV.AbsTimeConstant}	Is On Block Diagram?	read
{LV.AbsTimeConstant}	Is Typedef?	read
{LV.AbsTimeConstant}	Label	read
{LV.AbsTimeConstant}	Locked	read
{LV.AbsTimeConstant}	Master Bounds Rect	read
{LV.AbsTimeConstant}	Modified	read
{LV.AbsTimeConstant}	Numeric Text	read
{LV.AbsTimeConstant}	Owner (Deprecated)	read
{LV.AbsTimeConstant}	Owning VI	read
{LV.AbsTimeConstant}	Position	read
{LV.AbsTimeConstant}	Position:Left	read
{LV.AbsTimeConstant}	Position:Top	read
{LV.AbsTimeConstant}	Selected	read
{LV.AbsTimeConstant}	Terminal	read
{LV.AbsTimeConstant}	Tip Strip	read
{LV.AbsTimeConstant}	Total Bounds Rect	read
{LV.AbsTimeConstant}	Typedef:Path	read
{LV.AbsTimeConstant}	Typedef:VI	read
{LV.AbsTimeConstant}	Value	read
{LV.AbsTime}	Auto-Update From Typedef	read
{LV.AbsTime}	Bit Accurate Data Size	read
{LV.AbsTime}	Blinking	read
{LV.AbsTime}	Bounds	read
{LV.AbsTime}	Bounds:Area Height	read
{LV.AbsTime}	Bounds:Area Width	read
{LV.AbsTime}	Caption	read
{LV.AbsTime}	Class ID	read
{LV.AbsTime}	Class Name	read
{LV.AbsTime}	Control Reference Nodes[]	read
{LV.AbsTime}	Data Entry Limits	read
{LV.AbsTime}	Data Entry Limits:Increment	read
{LV.AbsTime}	Data Entry Limits:Maximum	read
{LV.AbsTime}	Data Entry Limits:Minimum	read
{LV.AbsTime}	DataSocket:Enabled	read
{LV.AbsTime}	DataSocket:LED Visible	read
{LV.AbsTime}	DataSocket:Mode	read
{LV.AbsTime}	DataSocket:Status	read
{LV.AbsTime}	DataSocket:URL	read
{LV.AbsTime}	Default Value	read
{LV.AbsTime}	Description	read
{LV.AbsTime}	Disabled	read
{LV.AbsTime}	Focus Key Binding	read
{LV.AbsTime}	Format String	read
{LV.AbsTime}	Group Member Refs[]	read
{LV.AbsTime}	Grouped	read
{LV.AbsTime}	Has Caption	read
{LV.AbsTime}	Indicator	read
{LV.AbsTime}	Invoke Nodes[]	read
{LV.AbsTime}	Is On Block Diagram?	read
{LV.AbsTime}	Is On Connector Pane	read
{LV.AbsTime}	Is Typedef?	read
{LV.AbsTime}	Key Focus	read
{LV.AbsTime}	Label	read
{LV.AbsTime}	Latch Value	read
{LV.AbsTime}	Local Variables[]	read
{LV.AbsTime}	Locked	read
{LV.AbsTime}	Master Bounds Rect	read
{LV.AbsTime}	Modified	read
{LV.AbsTime}	Numeric Text	read
{LV.AbsTime}	Owner (Deprecated)	read
{LV.AbsTime}	Owning VI	read
{LV.AbsTime}	Position	read
{LV.AbsTime}	Position:Left	read
{LV.AbsTime}	Position:Top	read
{LV.AbsTime}	Property Nodes[]	read
{LV.AbsTime}	Response to Value Outside Limits	read
{LV.AbsTime}	Response to Value Outside Limits:Increment	read
{LV.AbsTime}	Response to Value Outside Limits:Maximum	read
{LV.AbsTime}	Response to Value Outside Limits:Minimum	read
{LV.AbsTime}	Selected	read
{LV.AbsTime}	Skip When Tabbing	read
{LV.AbsTime}	Synchronous Display	read
{LV.AbsTime}	Terminal	read
{LV.AbsTime}	Tip Strip	read
{LV.AbsTime}	Total Bounds Rect	read
{LV.AbsTime}	Type Descriptor	read
{LV.AbsTime}	Typedef:Path	read
{LV.AbsTime}	Typedef:VI	read
{LV.AbsTime}	Value	read
{LV.AbsTime}	Value (Signaling)	write
{LV.AbsTime}	Visible	read
{LV.AbsTime}	Wizard Data	read
{LV.ActiveXContainer}	Auto-Update From Typedef	read
{LV.ActiveXContainer}	Bit Accurate Data Size	read
{LV.ActiveXContainer}	Blinking	read
{LV.ActiveXContainer}	Bounds	read
{LV.ActiveXContainer}	Bounds:Area Height	read
{LV.ActiveXContainer}	Bounds:Area Width	read
{LV.ActiveXContainer}	Caption	read
{LV.ActiveXContainer}	Class ID	read
{LV.ActiveXContainer}	Class Name	read
{LV.ActiveXContainer}	Container Bounds	read
{LV.ActiveXContainer}	Control Reference Nodes[]	read
{LV.ActiveXContainer}	DataSocket:Enabled	read
{LV.ActiveXContainer}	DataSocket:LED Visible	read
{LV.ActiveXContainer}	DataSocket:Mode	read
{LV.ActiveXContainer}	DataSocket:Status	read
{LV.ActiveXContainer}	DataSocket:URL	read
{LV.ActiveXContainer}	Default Value	read
{LV.ActiveXContainer}	Description	read
{LV.ActiveXContainer}	Disabled	read
{LV.ActiveXContainer}	Focus Key Binding	read
{LV.ActiveXContainer}	Group Member Refs[]	read
{LV.ActiveXContainer}	Grouped	read
{LV.ActiveXContainer}	Has Caption	read
{LV.ActiveXContainer}	Indicator	read
{LV.ActiveXContainer}	Invoke Nodes[]	read
{LV.ActiveXContainer}	Is On Block Diagram?	read
{LV.ActiveXContainer}	Is On Connector Pane	read
{LV.ActiveXContainer}	Is Typedef?	read
{LV.ActiveXContainer}	Key Focus	read
{LV.ActiveXContainer}	Label	read
{LV.ActiveXContainer}	Latch Value	read
{LV.ActiveXContainer}	Local Variables[]	read
{LV.ActiveXContainer}	Locked	read
{LV.ActiveXContainer}	Master Bounds Rect	read
{LV.ActiveXContainer}	Modified	read
{LV.ActiveXContainer}	Owner (Deprecated)	read
{LV.ActiveXContainer}	Owning VI	read
{LV.ActiveXContainer}	Position	read
{LV.ActiveXContainer}	Position:Left	read
{LV.ActiveXContainer}	Position:Top	read
{LV.ActiveXContainer}	Property Nodes[]	read
{LV.ActiveXContainer}	Selected	read
{LV.ActiveXContainer}	Skip When Tabbing	read
{LV.ActiveXContainer}	Synchronous Display	read
{LV.ActiveXContainer}	Terminal	read
{LV.ActiveXContainer}	Tip Strip	read
{LV.ActiveXContainer}	Total Bounds Rect	read
{LV.ActiveXContainer}	Type Descriptor	read
{LV.ActiveXContainer}	Typedef:Path	read
{LV.ActiveXContainer}	Typedef:VI	read
{LV.ActiveXContainer}	Value	read
{LV.ActiveXContainer}	Value (Signaling)	write
{LV.ActiveXContainer}	Visible	read
{LV.ActiveXContainer}	Wizard Data	read
{LV.Application}	Application:Active:VI	read
{LV.Application}	Application:All System VIs in Memory	read
{LV.Application}	Application:All VIs In Memory	read
{LV.Application}	Application:Assistants Use Strict Types Default	read
{LV.Application}	Application:Auto-Route Wires	read
{LV.Application}	Application:Command Line Arguments	read
{LV.Application}	Application:Controls Palette Open	read
{LV.Application}	Application:Default:Data Directory	read
{LV.Application}	Application:Default:Error Handler VI	read
{LV.Application}	Application:Default:File Dialog Path	read
{LV.Application}	Application:Defer Drawing	read
{LV.Application}	Application:Delete FP Terminal from Diagram	read
{LV.Application}	Application:Directory Path	read
{LV.Application}	Application:Downloaded VIs	read
{LV.Application}	Application:Embedded Root Path	read
{LV.Application}	Application:Exported VIs In Memory	read
{LV.Application}	Application:Full Feature	read
{LV.Application}	Application:Functions Palette Open	read
{LV.Application}	Application:Host Preferences Section	read
{LV.Application}	Application:Inside Build App	read
{LV.Application}	Application:Installed Package	read
{LV.Application}	Application:Internet Toolkit Installed	read
{LV.Application}	Application:Kind	read
{LV.Application}	Application:Language	read
{LV.Application}	Application:Menu Launch:VI	read
{LV.Application}	Application:Menu Set	read
{LV.Application}	Application:Name	read
{LV.Application}	Application:Parent Window For Dialogs	read
{LV.Application}	Application:Preferences File Path	read
{LV.Application}	Application:Pump OS Messages	read
{LV.Application}	Application:Real-Time Support	read
{LV.Application}	Application:Registered Organization	read
{LV.Application}	Application:Registered Owner	read
{LV.Application}	Application:Remote Web Server Active	read
{LV.Application}	Application:Search Paths	read
{LV.Application}	Application:Selection List Changed	read
{LV.Application}	Application:Serial Number	read
{LV.Application}	Application:Show FP Tip Strips	read
{LV.Application}	Application:Target:CPU	read
{LV.Application}	Application:Target:IP Address	read
{LV.Application}	Application:Target:Info	read
{LV.Application}	Application:Target:Kind	read
{LV.Application}	Application:Target:Operating System	read
{LV.Application}	Application:Tools Palette Open	read
{LV.Application}	Application:Unattended Mode	read
{LV.Application}	Application:Use App Template Browser	read
{LV.Application}	Application:User Interface Available	read
{LV.Application}	Application:User Name	read
{LV.Application}	Application:Version As Integer	read
{LV.Application}	Application:Version Number	read
{LV.Application}	Application:Window For Panel Origin	read
{LV.Application}	DNPrivAsmList	read
{LV.Application}	Display:All Monitors	read
{LV.Application}	Display:Primary Workspace	read
{LV.Application}	Module Handle	read
{LV.Application}	Operating System:Name	read
{LV.Application}	Operating System:Version Number	read
{LV.Application}	Printing:Available Printers	read
{LV.Application}	Printing:Color/Grayscale?	read
{LV.Application}	Printing:Custom All Controls?	read
{LV.Application}	Printing:Custom Connector?	read
{LV.Application}	Printing:Custom Control Descriptions?	read
{LV.Application}	Printing:Custom Control Types?	read
{LV.Application}	Printing:Custom Controls?	read
{LV.Application}	Printing:Custom Description?	read
{LV.Application}	Printing:Custom Diagram Hidden?	read
{LV.Application}	Printing:Custom Diagram Repeat?	read
{LV.Application}	Printing:Custom Diagram?	read
{LV.Application}	Printing:Custom Express VI Configuration?	read
{LV.Application}	Printing:Custom Hierarchy?	read
{LV.Application}	Printing:Custom History?	read
{LV.Application}	Printing:Custom List of SubVIs?	read
{LV.Application}	Printing:Custom Panel Border?	read
{LV.Application}	Printing:Custom Panel?	read
{LV.Application}	Printing:Default Printer	read
{LV.Application}	Printing:File Wrap Text Length	read
{LV.Application}	Printing:JPEG Quality	read
{LV.Application}	Printing:Method	read
{LV.Application}	Printing:PNG Compression Level	read
{LV.Application}	Remote Panel:Connections To Clients	read
{LV.Application}	Remote Panel:Connections To Servers	read
{LV.Application}	Remote Panel:Is Supported	read
{LV.Application}	Remote Panel:NetLoad Monitor Enabled	read
{LV.Application}	Server:Application Operations Allowed	read
{LV.Application}	Server:Logging Enabled	read
{LV.Application}	Server:Logging File Path	read
{LV.Application}	Server:Port	read
{LV.Application}	Server:TCP Listener Active	read
{LV.Application}	Server:TCP/IP Access List	read
{LV.Application}	Server:VI Access List	read
{LV.Application}	Server:VI Calls Allowed	read
{LV.Application}	Server:VI Operations Allowed	read
{LV.Application}	Web Server:HTTP Port	read
{LV.Application}	Web Server:Logging Enabled	read
{LV.Application}	Web Server:Logging File Path	read
{LV.Application}	Web Server:Read Timeout	read
{LV.Application}	Web Server:Root Directory Path	read
{LV.Application}	Web Server:Server Active	read
{LV.Application}	Web Server:TCP/IP Access List	read
{LV.Application}	Web Server:VI Access List	read
{LV.ArrayConstant}	Auto-Update From Typedef	read
{LV.ArrayConstant}	Bounds	read
{LV.ArrayConstant}	Bounds:Area Height	read
{LV.ArrayConstant}	Bounds:Area Width	read
{LV.ArrayConstant}	Class ID	read
{LV.ArrayConstant}	Class Name	read
{LV.ArrayConstant}	Description	read
{LV.ArrayConstant}	Dimension Sizes	read
{LV.ArrayConstant}	Element	read
{LV.ArrayConstant}	Element Gap?	read
{LV.ArrayConstant}	Group Member Refs[]	read
{LV.ArrayConstant}	Grouped	read
{LV.ArrayConstant}	Index Value	read
{LV.ArrayConstant}	Index Visible?	read
{LV.ArrayConstant}	Is On Block Diagram?	read
{LV.ArrayConstant}	Is Typedef?	read
{LV.ArrayConstant}	Label	read
{LV.ArrayConstant}	Locked	read
{LV.ArrayConstant}	Master Bounds Rect	read
{LV.ArrayConstant}	Modified	read
{LV.ArrayConstant}	Num Dimensions	read
{LV.ArrayConstant}	Number of Columns	read
{LV.ArrayConstant}	Number of Rows	read
{LV.ArrayConstant}	Owner (Deprecated)	read
{LV.ArrayConstant}	Owning VI	read
{LV.ArrayConstant}	Position	read
{LV.ArrayConstant}	Position:Left	read
{LV.ArrayConstant}	Position:Top	read
{LV.ArrayConstant}	Selected	read
{LV.ArrayConstant}	Selection End[]	read
{LV.ArrayConstant}	Selection Start[]	read
{LV.ArrayConstant}	Terminal	read
{LV.ArrayConstant}	Tip Strip	read
{LV.ArrayConstant}	Total Bounds Rect	read
{LV.ArrayConstant}	Typedef:Path	read
{LV.ArrayConstant}	Typedef:VI	read
{LV.ArrayConstant}	Value	read
{LV.ArrayToCluster}	Bounds	read
{LV.ArrayToCluster}	Bounds:Area Height	read
{LV.ArrayToCluster}	Bounds:Area Width	read
{LV.ArrayToCluster}	Class ID	read
{LV.ArrayToCluster}	Class Name	read
{LV.ArrayToCluster}	Clump Num	read
{LV.ArrayToCluster}	Cluster Size	read
{LV.ArrayToCluster}	Description	read
{LV.ArrayToCluster}	Fire Count	read
{LV.ArrayToCluster}	Group Member Refs[]	read
{LV.ArrayToCluster}	Grouped	read
{LV.ArrayToCluster}	Has Side Effects?	read
{LV.ArrayToCluster}	Icon	read
{LV.ArrayToCluster}	Is Asynchronous	read
{LV.ArrayToCluster}	Is Break Point Set	read
{LV.ArrayToCluster}	Is On Block Diagram?	read
{LV.ArrayToCluster}	Label	read
{LV.ArrayToCluster}	Locked	read
{LV.ArrayToCluster}	Master Bounds Rect	read
{LV.ArrayToCluster}	Modified	read
{LV.ArrayToCluster}	Owner (Deprecated)	read
{LV.ArrayToCluster}	Owning VI	read
{LV.ArrayToCluster}	Position	read
{LV.ArrayToCluster}	Position:Left	read
{LV.ArrayToCluster}	Position:Top	read
{LV.ArrayToCluster}	Selected	read
{LV.ArrayToCluster}	Short Count	read
{LV.ArrayToCluster}	Style	read
{LV.ArrayToCluster}	Terminals Visible?	read
{LV.ArrayToCluster}	Terminals[]	read
{LV.ArrayToCluster}	Total Bounds Rect	read
{LV.Array}	Array Element	read
{LV.Array}	Auto-Update From Typedef	read
{LV.Array}	Bit Accurate Data Size	read
{LV.Array}	Blinking	read
{LV.Array}	Bounds	read
{LV.Array}	Bounds:Area Height	read
{LV.Array}	Bounds:Area Width	read
{LV.Array}	Caption	read
{LV.Array}	Class ID	read
{LV.Array}	Class Name	read
{LV.Array}	Control Reference Nodes[]	read
{LV.Array}	DataSocket:Enabled	read
{LV.Array}	DataSocket:LED Visible	read
{LV.Array}	DataSocket:Mode	read
{LV.Array}	DataSocket:Status	read
{LV.Array}	DataSocket:URL	read
{LV.Array}	Default Value	read
{LV.Array}	Description	read
{LV.Array}	Dimension Sizes	read
{LV.Array}	Disabled	read
{LV.Array}	Focus Key Binding	read
{LV.Array}	Group Member Refs[]	read
{LV.Array}	Grouped	read
{LV.Array}	Has Caption	read
{LV.Array}	Index Values	read
{LV.Array}	Index Visible	read
{LV.Array}	Indicator	read
{LV.Array}	Invoke Nodes[]	read
{LV.Array}	Is On Block Diagram?	read
{LV.Array}	Is On Connector Pane	read
{LV.Array}	Is Typedef?	read
{LV.Array}	Key Focus	read
{LV.Array}	Label	read
{LV.Array}	Latch Value	read
{LV.Array}	Local Variables[]	read
{LV.Array}	Locked	read
{LV.Array}	Master Bounds Rect	read
{LV.Array}	Modified	read
{LV.Array}	Number Of Dimensions	read
{LV.Array}	Number of Columns	read
{LV.Array}	Number of Rows	read
{LV.Array}	Owner (Deprecated)	read
{LV.Array}	Owning VI	read
{LV.Array}	Position	read
{LV.Array}	Position:Left	read
{LV.Array}	Position:Top	read
{LV.Array}	Property Nodes[]	read
{LV.Array}	Selected	read
{LV.Array}	Selection Size[]	read
{LV.Array}	Selection Start[]	read
{LV.Array}	Skip When Tabbing	read
{LV.Array}	Synchronous Display	read
{LV.Array}	Terminal	read
{LV.Array}	Tip Strip	read
{LV.Array}	Total Bounds Rect	read
{LV.Array}	Type Descriptor	read
{LV.Array}	Typedef:Path	read
{LV.Array}	Typedef:VI	read
{LV.Array}	Value	read
{LV.Array}	Value (Signaling)	write
{LV.Array}	Visible	read
{LV.Array}	Wizard Data	read
{LV.BooleanConstant}	Auto-Update From Typedef	read
{LV.BooleanConstant}	Bounds	read
{LV.BooleanConstant}	Bounds:Area Height	read
{LV.BooleanConstant}	Bounds:Area Width	read
{LV.BooleanConstant}	Class ID	read
{LV.BooleanConstant}	Class Name	read
{LV.BooleanConstant}	Description	read
{LV.BooleanConstant}	Group Member Refs[]	read
{LV.BooleanConstant}	Grouped	read
{LV.BooleanConstant}	Is On Block Diagram?	read
{LV.BooleanConstant}	Is Typedef?	read
{LV.BooleanConstant}	Label	read
{LV.BooleanConstant}	Locked	read
{LV.BooleanConstant}	Master Bounds Rect	read
{LV.BooleanConstant}	Modified	read
{LV.BooleanConstant}	Owner (Deprecated)	read
{LV.BooleanConstant}	Owning VI	read
{LV.BooleanConstant}	Position	read
{LV.BooleanConstant}	Position:Left	read
{LV.BooleanConstant}	Position:Top	read
{LV.BooleanConstant}	Selected	read
{LV.BooleanConstant}	Terminal	read
{LV.BooleanConstant}	Tip Strip	read
{LV.BooleanConstant}	Total Bounds Rect	read
{LV.BooleanConstant}	Typedef:Path	read
{LV.BooleanConstant}	Typedef:VI	read
{LV.BooleanConstant}	Value	read
{LV.Boolean}	Auto-Update From Typedef	read
{LV.Boolean}	Bit Accurate Data Size	read
{LV.Boolean}	Blinking	read
{LV.Boolean}	Boolean Text	read
{LV.Boolean}	Bounds	read
{LV.Boolean}	Bounds:Area Height	read
{LV.Boolean}	Bounds:Area Width	read
{LV.Boolean}	Button Size	read
{LV.Boolean}	Caption	read
{LV.Boolean}	Class ID	read
{LV.Boolean}	Class Name	read
{LV.Boolean}	Colors [4]	read
{LV.Boolean}	Control Reference Nodes[]	read
{LV.Boolean}	DataSocket:Enabled	read
{LV.Boolean}	DataSocket:LED Visible	read
{LV.Boolean}	DataSocket:Mode	read
{LV.Boolean}	DataSocket:Status	read
{LV.Boolean}	DataSocket:URL	read
{LV.Boolean}	Default Value	read
{LV.Boolean}	Description	read
{LV.Boolean}	Disabled	read
{LV.Boolean}	Focus Key Binding	read
{LV.Boolean}	Group Member Refs[]	read
{LV.Boolean}	Grouped	read
{LV.Boolean}	Has Caption	read
{LV.Boolean}	Indicator	read
{LV.Boolean}	Invoke Nodes[]	read
{LV.Boolean}	Is On Block Diagram?	read
{LV.Boolean}	Is On Connector Pane	read
{LV.Boolean}	Is Typedef?	read
{LV.Boolean}	IsTracking	read
{LV.Boolean}	Key Focus	read
{LV.Boolean}	Label	read
{LV.Boolean}	Latch Value	read
{LV.Boolean}	Local Variables[]	read
{LV.Boolean}	Lock Boolean Text In Center	read
{LV.Boolean}	Locked	read
{LV.Boolean}	Master Bounds Rect	read
{LV.Boolean}	Mechanical Action	read
{LV.Boolean}	Modified	read
{LV.Boolean}	Multiple Text String	read
{LV.Boolean}	Owner (Deprecated)	read
{LV.Boolean}	Owning VI	read
{LV.Boolean}	Position	read
{LV.Boolean}	Position:Left	read
{LV.Boolean}	Position:Top	read
{LV.Boolean}	Property Nodes[]	read
{LV.Boolean}	Selected	read
{LV.Boolean}	Skip When Tabbing	read
{LV.Boolean}	Strings [4]	read
{LV.Boolean}	Synchronous Display	read
{LV.Boolean}	Terminal	read
{LV.Boolean}	Tip Strip	read
{LV.Boolean}	Total Bounds Rect	read
{LV.Boolean}	Type Descriptor	read
{LV.Boolean}	Typedef:Path	read
{LV.Boolean}	Typedef:VI	read
{LV.Boolean}	Value	read
{LV.Boolean}	Value (Signaling)	write
{LV.Boolean}	Visible	read
{LV.Boolean}	Wizard Data	read
{LV.BuildArray}	Bounds	read
{LV.BuildArray}	Bounds:Area Height	read
{LV.BuildArray}	Bounds:Area Width	read
{LV.BuildArray}	Class ID	read
{LV.BuildArray}	Class Name	read
{LV.BuildArray}	Clump Num	read
{LV.BuildArray}	Concatenate Inputs	read
{LV.BuildArray}	Description	read
{LV.BuildArray}	Fire Count	read
{LV.BuildArray}	Group Member Refs[]	read
{LV.BuildArray}	Grouped	read
{LV.BuildArray}	Icon	read
{LV.BuildArray}	Input Count	read
{LV.BuildArray}	Input Terminals	read
{LV.BuildArray}	Is Asynchronous	read
{LV.BuildArray}	Is Break Point Set	read
{LV.BuildArray}	Is On Block Diagram?	read
{LV.BuildArray}	Label	read
{LV.BuildArray}	Locked	read
{LV.BuildArray}	Master Bounds Rect	read
{LV.BuildArray}	Modified	read
{LV.BuildArray}	Owner (Deprecated)	read
{LV.BuildArray}	Owning VI	read
{LV.BuildArray}	Position	read
{LV.BuildArray}	Position:Left	read
{LV.BuildArray}	Position:Top	read
{LV.BuildArray}	Selected	read
{LV.BuildArray}	Short Count	read
{LV.BuildArray}	Style	read
{LV.BuildArray}	Terminal Height	read
{LV.BuildArray}	Terminals[]	read
{LV.BuildArray}	Total Bounds Rect	read
{LV.BuildClusterArray}	Bounds	read
{LV.BuildClusterArray}	Bounds:Area Height	read
{LV.BuildClusterArray}	Bounds:Area Width	read
{LV.BuildClusterArray}	Class ID	read
{LV.BuildClusterArray}	Class Name	read
{LV.BuildClusterArray}	Clump Num	read
{LV.BuildClusterArray}	Description	read
{LV.BuildClusterArray}	Fire Count	read
{LV.BuildClusterArray}	Group Member Refs[]	read
{LV.BuildClusterArray}	Grouped	read
{LV.BuildClusterArray}	Icon	read
{LV.BuildClusterArray}	Is Asynchronous	read
{LV.BuildClusterArray}	Is Break Point Set	read
{LV.BuildClusterArray}	Is On Block Diagram?	read
{LV.BuildClusterArray}	Label	read
{LV.BuildClusterArray}	Locked	read
{LV.BuildClusterArray}	Master Bounds Rect	read
{LV.BuildClusterArray}	Modified	read
{LV.BuildClusterArray}	Owner (Deprecated)	read
{LV.BuildClusterArray}	Owning VI	read
{LV.BuildClusterArray}	Position	read
{LV.BuildClusterArray}	Position:Left	read
{LV.BuildClusterArray}	Position:Top	read
{LV.BuildClusterArray}	Selected	read
{LV.BuildClusterArray}	Short Count	read
{LV.BuildClusterArray}	Style	read
{LV.BuildClusterArray}	Terminal Height	read
{LV.BuildClusterArray}	Terminals[]	read
{LV.BuildClusterArray}	Total Bounds Rect	read
{LV.Bundler}	Bounds	read
{LV.Bundler}	Bounds:Area Height	read
{LV.Bundler}	Bounds:Area Width	read
{LV.Bundler}	Class ID	read
{LV.Bundler}	Class Name	read
{LV.Bundler}	Clump Num	read
{LV.Bundler}	Description	read
{LV.Bundler}	Fire Count	read
{LV.Bundler}	Group Member Refs[]	read
{LV.Bundler}	Grouped	read
{LV.Bundler}	Icon	read
{LV.Bundler}	Input Count	read
{LV.Bundler}	Input Terminals	read
{LV.Bundler}	Is Asynchronous	read
{LV.Bundler}	Is Break Point Set	read
{LV.Bundler}	Is On Block Diagram?	read
{LV.Bundler}	Label	read
{LV.Bundler}	Locked	read
{LV.Bundler}	Master Bounds Rect	read
{LV.Bundler}	Modified	read
{LV.Bundler}	Owner (Deprecated)	read
{LV.Bundler}	Owning VI	read
{LV.Bundler}	Position	read
{LV.Bundler}	Position:Left	read
{LV.Bundler}	Position:Top	read
{LV.Bundler}	Selected	read
{LV.Bundler}	Short Count	read
{LV.Bundler}	Style	read
{LV.Bundler}	Terminal Height	read
{LV.Bundler}	Terminals[]	read
{LV.Bundler}	Total Bounds Rect	read
{LV.CIN}	Bounds	read
{LV.CIN}	Bounds:Area Height	read
{LV.CIN}	Bounds:Area Width	read
{LV.CIN}	Class ID	read
{LV.CIN}	Class Name	read
{LV.CIN}	Clump Num	read
{LV.CIN}	Code Resource Path	read
{LV.CIN}	Description	read
{LV.CIN}	Fire Count	read
{LV.CIN}	Group Member Refs[]	read
{LV.CIN}	Grouped	read
{LV.CIN}	Icon	read
{LV.CIN}	Is Asynchronous	read
{LV.CIN}	Is Break Point Set	read
{LV.CIN}	Is On Block Diagram?	read
{LV.CIN}	Label	read
{LV.CIN}	Locked	read
{LV.CIN}	Master Bounds Rect	read
{LV.CIN}	Modified	read
{LV.CIN}	Owner (Deprecated)	read
{LV.CIN}	Owning VI	read
{LV.CIN}	Position	read
{LV.CIN}	Position:Left	read
{LV.CIN}	Position:Top	read
{LV.CIN}	Selected	read
{LV.CIN}	Short Count	read
{LV.CIN}	Style	read
{LV.CIN}	Terminal Height	read
{LV.CIN}	Terminals[]	read
{LV.CIN}	Total Bounds Rect	read
{LV.CallByRef}	Bounds	read
{LV.CallByRef}	Bounds:Area Height	read
{LV.CallByRef}	Bounds:Area Width	read
{LV.CallByRef}	Class ID	read
{LV.CallByRef}	Class Name	read
{LV.CallByRef}	Clump Num	read
{LV.CallByRef}	Description	read
{LV.CallByRef}	Fire Count	read
{LV.CallByRef}	Group Member Refs[]	read
{LV.CallByRef}	Grouped	read
{LV.CallByRef}	Icon	read
{LV.CallByRef}	Is Asynchronous	read
{LV.CallByRef}	Is Break Point Set	read
{LV.CallByRef}	Is On Block Diagram?	read
{LV.CallByRef}	Label	read
{LV.CallByRef}	Locked	read
{LV.CallByRef}	Master Bounds Rect	read
{LV.CallByRef}	Modified	read
{LV.CallByRef}	Owner (Deprecated)	read
{LV.CallByRef}	Owning VI	read
{LV.CallByRef}	Position	read
{LV.CallByRef}	Position:Left	read
{LV.CallByRef}	Position:Top	read
{LV.CallByRef}	Selected	read
{LV.CallByRef}	Short Count	read
{LV.CallByRef}	Style	read
{LV.CallByRef}	Terminals[]	read
{LV.CallByRef}	Total Bounds Rect	read
{LV.CallLibrary}	Allow Preallocation	read
{LV.CallLibrary}	Any Thread?	read
{LV.CallLibrary}	Bounds	read
{LV.CallLibrary}	Bounds:Area Height	read
{LV.CallLibrary}	Bounds:Area Width	read
{LV.CallLibrary}	Calling Convention	read
{LV.CallLibrary}	Class ID	read
{LV.CallLibrary}	Class Name	read
{LV.CallLibrary}	Clump Num	read
{LV.CallLibrary}	Description	read
{LV.CallLibrary}	Fire Count	read
{LV.CallLibrary}	Function Name	read
{LV.CallLibrary}	Group Member Refs[]	read
{LV.CallLibrary}	Grouped	read
{LV.CallLibrary}	Icon	read
{LV.CallLibrary}	Is Asynchronous	read
{LV.CallLibrary}	Is Break Point Set	read
{LV.CallLibrary}	Is On Block Diagram?	read
{LV.CallLibrary}	Label	read
{LV.CallLibrary}	Library Path	read
{LV.CallLibrary}	Locked	read
{LV.CallLibrary}	Master Bounds Rect	read
{LV.CallLibrary}	Modified	read
{LV.CallLibrary}	NI Validated	read
{LV.CallLibrary}	Old Parameter Info	read
{LV.CallLibrary}	Owner (Deprecated)	read
{LV.CallLibrary}	Owning VI	read
{LV.CallLibrary}	Position	read
{LV.CallLibrary}	Position:Left	read
{LV.CallLibrary}	Position:Top	read
{LV.CallLibrary}	Selected	read
{LV.CallLibrary}	Short Count	read
{LV.CallLibrary}	Style	read
{LV.CallLibrary}	Terminal Height	read
{LV.CallLibrary}	Terminals[]	read
{LV.CallLibrary}	Total Bounds Rect	read
{LV.CaseStructure}	AutoSize To Fit Contents?	read
{LV.CaseStructure}	Bounds	read
{LV.CaseStructure}	Bounds:Area Height	read
{LV.CaseStructure}	Bounds:Area Width	read
{LV.CaseStructure}	Class ID	read
{LV.CaseStructure}	Class Name	read
{LV.CaseStructure}	Clump Num	read
{LV.CaseStructure}	Default Case	read
{LV.CaseStructure}	Description	read
{LV.CaseStructure}	Diagrams[]	read
{LV.CaseStructure}	Fire Count	read
{LV.CaseStructure}	Frame Names	read
{LV.CaseStructure}	Frame Selector Rect	read
{LV.CaseStructure}	Frame Size	read
{LV.CaseStructure}	Frames[]	read
{LV.CaseStructure}	Group Member Refs[]	read
{LV.CaseStructure}	Grouped	read
{LV.CaseStructure}	Icon	read
{LV.CaseStructure}	Is Asynchronous	read
{LV.CaseStructure}	Is Break Point Set	read
{LV.CaseStructure}	Is On Block Diagram?	read
{LV.CaseStructure}	Label	read
{LV.CaseStructure}	Locked	read
{LV.CaseStructure}	Master Bounds Rect	read
{LV.CaseStructure}	Modified	read
{LV.CaseStructure}	Owner (Deprecated)	read
{LV.CaseStructure}	Owning VI	read
{LV.CaseStructure}	Position	read
{LV.CaseStructure}	Position:Left	read
{LV.CaseStructure}	Position:Top	read
{LV.CaseStructure}	Selected	read
{LV.CaseStructure}	Selector	read
{LV.CaseStructure}	Short Count	read
{LV.CaseStructure}	Style	read
{LV.CaseStructure}	Terminals[]	read
{LV.CaseStructure}	Total Bounds Rect	read
{LV.CaseStructure}	Tunnels[]	read
{LV.CaseStructure}	Visible Frame	read
{LV.ClassSpecifierConstant}	Auto-Update From Typedef	read
{LV.ClassSpecifierConstant}	Bounds	read
{LV.ClassSpecifierConstant}	Bounds:Area Height	read
{LV.ClassSpecifierConstant}	Bounds:Area Width	read
{LV.ClassSpecifierConstant}	Class ID	read
{LV.ClassSpecifierConstant}	Class Name	read
{LV.ClassSpecifierConstant}	Description	read
{LV.ClassSpecifierConstant}	Group Member Refs[]	read
{LV.ClassSpecifierConstant}	Grouped	read
{LV.ClassSpecifierConstant}	Is On Block Diagram?	read
{LV.ClassSpecifierConstant}	Is Typedef?	read
{LV.ClassSpecifierConstant}	Label	read
{LV.ClassSpecifierConstant}	Locked	read
{LV.ClassSpecifierConstant}	Master Bounds Rect	read
{LV.ClassSpecifierConstant}	Modified	read
{LV.ClassSpecifierConstant}	Owner (Deprecated)	read
{LV.ClassSpecifierConstant}	Owning VI	read
{LV.ClassSpecifierConstant}	Position	read
{LV.ClassSpecifierConstant}	Position:Left	read
{LV.ClassSpecifierConstant}	Position:Top	read
{LV.ClassSpecifierConstant}	Selected	read
{LV.ClassSpecifierConstant}	Terminal	read
{LV.ClassSpecifierConstant}	Tip Strip	read
{LV.ClassSpecifierConstant}	Total Bounds Rect	read
{LV.ClassSpecifierConstant}	Type (Deprecated)	read
{LV.ClassSpecifierConstant}	Typedef:Path	read
{LV.ClassSpecifierConstant}	Typedef:VI	read
{LV.ClassSpecifierConstant}	Value	read
{LV.ClusterConstant}	Auto Sizing?	read
{LV.ClusterConstant}	Auto-Update From Typedef	read
{LV.ClusterConstant}	Bounds	read
{LV.ClusterConstant}	Bounds:Area Height	read
{LV.ClusterConstant}	Bounds:Area Width	read
{LV.ClusterConstant}	Class ID	read
{LV.ClusterConstant}	Class Name	read
{LV.ClusterConstant}	Description	read
{LV.ClusterConstant}	Elements[]	read
{LV.ClusterConstant}	Group Member Refs[]	read
{LV.ClusterConstant}	Grouped	read
{LV.ClusterConstant}	Is On Block Diagram?	read
{LV.ClusterConstant}	Is Typedef?	read
{LV.ClusterConstant}	Label	read
{LV.ClusterConstant}	Locked	read
{LV.ClusterConstant}	Master Bounds Rect	read
{LV.ClusterConstant}	Modified	read
{LV.ClusterConstant}	Owner (Deprecated)	read
{LV.ClusterConstant}	Owning VI	read
{LV.ClusterConstant}	Position	read
{LV.ClusterConstant}	Position:Left	read
{LV.ClusterConstant}	Position:Top	read
{LV.ClusterConstant}	Selected	read
{LV.ClusterConstant}	Terminal	read
{LV.ClusterConstant}	Tip Strip	read
{LV.ClusterConstant}	Total Bounds Rect	read
{LV.ClusterConstant}	Typedef:Path	read
{LV.ClusterConstant}	Typedef:VI	read
{LV.ClusterConstant}	Value	read
{LV.Cluster}	All Objects[]	read
{LV.Cluster}	Auto Sizing	read
{LV.Cluster}	Auto-Update From Typedef	read
{LV.Cluster}	Bit Accurate Data Size	read
{LV.Cluster}	Blinking	read
{LV.Cluster}	Bounds	read
{LV.Cluster}	Bounds:Area Height	read
{LV.Cluster}	Bounds:Area Width	read
{LV.Cluster}	Caption	read
{LV.Cluster}	Class ID	read
{LV.Cluster}	Class Name	read
{LV.Cluster}	Cluster Size	read
{LV.Cluster}	Cluster Size:Height	read
{LV.Cluster}	Cluster Size:Width	read
{LV.Cluster}	Color	read
{LV.Cluster}	Control Reference Nodes[]	read
{LV.Cluster}	Controls[]	read
{LV.Cluster}	DataSocket:Enabled	read
{LV.Cluster}	DataSocket:LED Visible	read
{LV.Cluster}	DataSocket:Mode	read
{LV.Cluster}	DataSocket:Status	read
{LV.Cluster}	DataSocket:URL	read
{LV.Cluster}	Decorations[]	read
{LV.Cluster}	Default Value	read
{LV.Cluster}	Description	read
{LV.Cluster}	Disabled	read
{LV.Cluster}	Focus Key Binding	read
{LV.Cluster}	Group Member Refs[]	read
{LV.Cluster}	Grouped	read
{LV.Cluster}	Has Caption	read
{LV.Cluster}	Indicator	read
{LV.Cluster}	Invoke Nodes[]	read
{LV.Cluster}	Is On Block Diagram?	read
{LV.Cluster}	Is On Connector Pane	read
{LV.Cluster}	Is Typedef?	read
{LV.Cluster}	Key Focus	read
{LV.Cluster}	Label	read
{LV.Cluster}	Latch Value	read
{LV.Cluster}	Local Variables[]	read
{LV.Cluster}	Locked	read
{LV.Cluster}	Master Bounds Rect	read
{LV.Cluster}	Modified	read
{LV.Cluster}	Owner (Deprecated)	read
{LV.Cluster}	Owning VI	read
{LV.Cluster}	Position	read
{LV.Cluster}	Position:Left	read
{LV.Cluster}	Position:Top	read
{LV.Cluster}	Property Nodes[]	read
{LV.Cluster}	Selected	read
{LV.Cluster}	Skip When Tabbing	read
{LV.Cluster}	Synchronous Display	read
{LV.Cluster}	Terminal	read
{LV.Cluster}	Tip Strip	read
{LV.Cluster}	Total Bounds Rect	read
{LV.Cluster}	Type Descriptor	read
{LV.Cluster}	Typedef:Path	read
{LV.Cluster}	Typedef:VI	read
{LV.Cluster}	Value	read
{LV.Cluster}	Value (Signaling)	write
{LV.Cluster}	Visible	read
{LV.Cluster}	Wizard Data	read
{LV.ColorBoxConstant}	Auto-Update From Typedef	read
{LV.ColorBoxConstant}	Bounds	read
{LV.ColorBoxConstant}	Bounds:Area Height	read
{LV.ColorBoxConstant}	Bounds:Area Width	read
{LV.ColorBoxConstant}	Class ID	read
{LV.ColorBoxConstant}	Class Name	read
{LV.ColorBoxConstant}	Description	read
{LV.ColorBoxConstant}	Group Member Refs[]	read
{LV.ColorBoxConstant}	Grouped	read
{LV.ColorBoxConstant}	Is On Block Diagram?	read
{LV.ColorBoxConstant}	Is Typedef?	read
{LV.ColorBoxConstant}	Label	read
{LV.ColorBoxConstant}	Locked	read
{LV.ColorBoxConstant}	Master Bounds Rect	read
{LV.ColorBoxConstant}	Modified	read
{LV.ColorBoxConstant}	Owner (Deprecated)	read
{LV.ColorBoxConstant}	Owning VI	read
{LV.ColorBoxConstant}	Position	read
{LV.ColorBoxConstant}	Position:Left	read
{LV.ColorBoxConstant}	Position:Top	read
{LV.ColorBoxConstant}	Selected	read
{LV.ColorBoxConstant}	Terminal	read
{LV.ColorBoxConstant}	Tip Strip	read
{LV.ColorBoxConstant}	Total Bounds Rect	read
{LV.ColorBoxConstant}	Typedef:Path	read
{LV.ColorBoxConstant}	Typedef:VI	read
{LV.ColorBoxConstant}	Value	read
{LV.ColorBox}	Allow Transparent	read
{LV.ColorBox}	Auto-Update From Typedef	read
{LV.ColorBox}	Bit Accurate Data Size	read
{LV.ColorBox}	Blinking	read
{LV.ColorBox}	Bounds	read
{LV.ColorBox}	Bounds:Area Height	read
{LV.ColorBox}	Bounds:Area Width	read
{LV.ColorBox}	Caption	read
{LV.ColorBox}	Class ID	read
{LV.ColorBox}	Class Name	read
{LV.ColorBox}	Color Area Size	read
{LV.ColorBox}	Control Reference Nodes[]	read
{LV.ColorBox}	DataSocket:Enabled	read
{LV.ColorBox}	DataSocket:LED Visible	read
{LV.ColorBox}	DataSocket:Mode	read
{LV.ColorBox}	DataSocket:Status	read
{LV.ColorBox}	DataSocket:URL	read
{LV.ColorBox}	Default Value	read
{LV.ColorBox}	Description	read
{LV.ColorBox}	Disabled	read
{LV.ColorBox}	Focus Key Binding	read
{LV.ColorBox}	Group Member Refs[]	read
{LV.ColorBox}	Grouped	read
{LV.ColorBox}	Has Caption	read
{LV.ColorBox}	Indicator	read
{LV.ColorBox}	Invoke Nodes[]	read
{LV.ColorBox}	Is On Block Diagram?	read
{LV.ColorBox}	Is On Connector Pane	read
{LV.ColorBox}	Is Typedef?	read
{LV.ColorBox}	Key Focus	read
{LV.ColorBox}	Label	read
{LV.ColorBox}	Latch Value	read
{LV.ColorBox}	Local Variables[]	read
{LV.ColorBox}	Locked	read
{LV.ColorBox}	Master Bounds Rect	read
{LV.ColorBox}	Modified	read
{LV.ColorBox}	Owner (Deprecated)	read
{LV.ColorBox}	Owning VI	read
{LV.ColorBox}	Position	read
{LV.ColorBox}	Position:Left	read
{LV.ColorBox}	Position:Top	read
{LV.ColorBox}	Property Nodes[]	read
{LV.ColorBox}	Selected	read
{LV.ColorBox}	Skip When Tabbing	read
{LV.ColorBox}	Synchronous Display	read
{LV.ColorBox}	Terminal	read
{LV.ColorBox}	Tip Strip	read
{LV.ColorBox}	Total Bounds Rect	read
{LV.ColorBox}	Type Descriptor	read
{LV.ColorBox}	Typedef:Path	read
{LV.ColorBox}	Typedef:VI	read
{LV.ColorBox}	Value	read
{LV.ColorBox}	Value (Signaling)	write
{LV.ColorBox}	Visible	read
{LV.ColorBox}	Wizard Data	read
{LV.ColorGraphScale}	Bounds	read
{LV.ColorGraphScale}	Bounds:Area Height	read
{LV.ColorGraphScale}	Bounds:Area Width	read
{LV.ColorGraphScale}	Class ID	read
{LV.ColorGraphScale}	Class Name	read
{LV.ColorGraphScale}	Display Format	read
{LV.ColorGraphScale}	Display Format:Format	read
{LV.ColorGraphScale}	Display Format:Precision	read
{LV.ColorGraphScale}	Editable	read
{LV.ColorGraphScale}	Flipped	read
{LV.ColorGraphScale}	Format String	read
{LV.ColorGraphScale}	Group Member Refs[]	read
{LV.ColorGraphScale}	Grouped	read
{LV.ColorGraphScale}	High Color	read
{LV.ColorGraphScale}	Interpolate Color	read
{LV.ColorGraphScale}	Is On Block Diagram?	read
{LV.ColorGraphScale}	Locked	read
{LV.ColorGraphScale}	Loose Fit	read
{LV.ColorGraphScale}	Low Color	read
{LV.ColorGraphScale}	Mapping Mode	read
{LV.ColorGraphScale}	Marker	read
{LV.ColorGraphScale}	Marker Colors	read
{LV.ColorGraphScale}	Marker Colors:BG Color	read
{LV.ColorGraphScale}	Marker Colors:Text Color	read
{LV.ColorGraphScale}	Marker Values[]	read
{LV.ColorGraphScale}	Master Bounds Rect	read
{LV.ColorGraphScale}	Modified	read
{LV.ColorGraphScale}	Name Label	read
{LV.ColorGraphScale}	Offset and Multiplier	read
{LV.ColorGraphScale}	Offset and Multiplier:Multiplier	read
{LV.ColorGraphScale}	Offset and Multiplier:Offset	read
{LV.ColorGraphScale}	Owner (Deprecated)	read
{LV.ColorGraphScale}	Owning VI	read
{LV.ColorGraphScale}	Position	read
{LV.ColorGraphScale}	Position:Left	read
{LV.ColorGraphScale}	Position:Top	read
{LV.ColorGraphScale}	Ramp Visible	read
{LV.ColorGraphScale}	Range	read
{LV.ColorGraphScale}	Range:Increment	read
{LV.ColorGraphScale}	Range:Maximum	read
{LV.ColorGraphScale}	Range:Minimum	read
{LV.ColorGraphScale}	Range:Minor Increment	read
{LV.ColorGraphScale}	Range:Start	read
{LV.ColorGraphScale}	Scale Fit	read
{LV.ColorGraphScale}	Selected	read
{LV.ColorGraphScale}	Style	read
{LV.ColorGraphScale}	Tick Colors:Minor Tick Color	read
{LV.ColorGraphScale}	Tick Colors:Tick Color	read
{LV.ColorGraphScale}	Total Bounds Rect	read
{LV.ColorGraphScale}	Uniform Marker Spacing?	read
{LV.ColorGraphScale}	Unit Label	read
{LV.ColorGraphScale}	Visible	read
{LV.ColorRamp}	Auto-Update From Typedef	read
{LV.ColorRamp}	Bit Accurate Data Size	read
{LV.ColorRamp}	Blinking	read
{LV.ColorRamp}	Bounds	read
{LV.ColorRamp}	Bounds:Area Height	read
{LV.ColorRamp}	Bounds:Area Width	read
{LV.ColorRamp}	Caption	read
{LV.ColorRamp}	Class ID	read
{LV.ColorRamp}	Class Name	read
{LV.ColorRamp}	Color Area Size	read
{LV.ColorRamp}	Control Reference Nodes[]	read
{LV.ColorRamp}	Data Entry Limits	read
{LV.ColorRamp}	Data Entry Limits:Increment	read
{LV.ColorRamp}	Data Entry Limits:Maximum	read
{LV.ColorRamp}	Data Entry Limits:Minimum	read
{LV.ColorRamp}	DataSocket:Enabled	read
{LV.ColorRamp}	DataSocket:LED Visible	read
{LV.ColorRamp}	DataSocket:Mode	read
{LV.ColorRamp}	DataSocket:Status	read
{LV.ColorRamp}	DataSocket:URL	read
{LV.ColorRamp}	Default Value	read
{LV.ColorRamp}	Description	read
{LV.ColorRamp}	Digital Display	read
{LV.ColorRamp}	Disabled	read
{LV.ColorRamp}	Focus Key Binding	read
{LV.ColorRamp}	Group Member Refs[]	read
{LV.ColorRamp}	Grouped	read
{LV.ColorRamp}	Has Caption	read
{LV.ColorRamp}	Indicator	read
{LV.ColorRamp}	Invoke Nodes[]	read
{LV.ColorRamp}	Is On Block Diagram?	read
{LV.ColorRamp}	Is On Connector Pane	read
{LV.ColorRamp}	Is Typedef?	read
{LV.ColorRamp}	Key Focus	read
{LV.ColorRamp}	Label	read
{LV.ColorRamp}	Latch Value	read
{LV.ColorRamp}	Local Variables[]	read
{LV.ColorRamp}	Locked	read
{LV.ColorRamp}	Master Bounds Rect	read
{LV.ColorRamp}	Modified	read
{LV.ColorRamp}	Owner (Deprecated)	read
{LV.ColorRamp}	Owning VI	read
{LV.ColorRamp}	Position	read
{LV.ColorRamp}	Position:Left	read
{LV.ColorRamp}	Position:Top	read
{LV.ColorRamp}	Property Nodes[]	read
{LV.ColorRamp}	RGB Value	read
{LV.ColorRamp}	Representation	read
{LV.ColorRamp}	Response to Value Outside Limits	read
{LV.ColorRamp}	Response to Value Outside Limits:Increment	read
{LV.ColorRamp}	Response to Value Outside Limits:Maximum	read
{LV.ColorRamp}	Response to Value Outside Limits:Minimum	read
{LV.ColorRamp}	Scale	read
{LV.ColorRamp}	Selected	read
{LV.ColorRamp}	Skip When Tabbing	read
{LV.ColorRamp}	Synchronous Display	read
{LV.ColorRamp}	Terminal	read
{LV.ColorRamp}	Tip Strip	read
{LV.ColorRamp}	Total Bounds Rect	read
{LV.ColorRamp}	Type Descriptor	read
{LV.ColorRamp}	Typedef:Path	read
{LV.ColorRamp}	Typedef:VI	read
{LV.ColorRamp}	Unit Label	read
{LV.ColorRamp}	Value	read
{LV.ColorRamp}	Value (Signaling)	write
{LV.ColorRamp}	Visible	read
{LV.ColorRamp}	Wizard Data	read
{LV.ColorScale}	Bounds	read
{LV.ColorScale}	Bounds:Area Height	read
{LV.ColorScale}	Bounds:Area Width	read
{LV.ColorScale}	Class ID	read
{LV.ColorScale}	Class Name	read
{LV.ColorScale}	Display Format	read
{LV.ColorScale}	Display Format:Format	read
{LV.ColorScale}	Display Format:Precision	read
{LV.ColorScale}	Editable	read
{LV.ColorScale}	Flipped	read
{LV.ColorScale}	Format String	read
{LV.ColorScale}	Group Member Refs[]	read
{LV.ColorScale}	Grouped	read
{LV.ColorScale}	High Color	read
{LV.ColorScale}	Interpolate Color	read
{LV.ColorScale}	Is On Block Diagram?	read
{LV.ColorScale}	Locked	read
{LV.ColorScale}	Low Color	read
{LV.ColorScale}	Mapping Mode	read
{LV.ColorScale}	Marker	read
{LV.ColorScale}	Marker Colors	read
{LV.ColorScale}	Marker Colors:BG Color	read
{LV.ColorScale}	Marker Colors:Text Color	read
{LV.ColorScale}	Marker Values[]	read
{LV.ColorScale}	Master Bounds Rect	read
{LV.ColorScale}	Modified	read
{LV.ColorScale}	Owner (Deprecated)	read
{LV.ColorScale}	Owning VI	read
{LV.ColorScale}	Position	read
{LV.ColorScale}	Position:Left	read
{LV.ColorScale}	Position:Top	read
{LV.ColorScale}	Ramp Visible	read
{LV.ColorScale}	Range	read
{LV.ColorScale}	Range:Increment	read
{LV.ColorScale}	Range:Maximum	read
{LV.ColorScale}	Range:Minimum	read
{LV.ColorScale}	Range:Minor Increment	read
{LV.ColorScale}	Range:Start	read
{LV.ColorScale}	Selected	read
{LV.ColorScale}	Style	read
{LV.ColorScale}	Tick Colors:Minor Tick Color	read
{LV.ColorScale}	Tick Colors:Tick Color	read
{LV.ColorScale}	Total Bounds Rect	read
{LV.ColorScale}	Uniform Marker Spacing?	read
{LV.ColorScale}	Visible	read
{LV.ComboBoxConstant}	Auto-Update From Typedef	read
{LV.ComboBoxConstant}	Bounds	read
{LV.ComboBoxConstant}	Bounds:Area Height	read
{LV.ComboBoxConstant}	Bounds:Area Width	read
{LV.ComboBoxConstant}	Class ID	read
{LV.ComboBoxConstant}	Class Name	read
{LV.ComboBoxConstant}	Description	read
{LV.ComboBoxConstant}	Display Style	read
{LV.ComboBoxConstant}	Group Member Refs[]	read
{LV.ComboBoxConstant}	Grouped	read
{LV.ComboBoxConstant}	Is On Block Diagram?	read
{LV.ComboBoxConstant}	Is Typedef?	read
{LV.ComboBoxConstant}	Label	read
{LV.ComboBoxConstant}	Limit To Single Line?	read
{LV.ComboBoxConstant}	Locked	read
{LV.ComboBoxConstant}	Master Bounds Rect	read
{LV.ComboBoxConstant}	Modified	read
{LV.ComboBoxConstant}	Owner (Deprecated)	read
{LV.ComboBoxConstant}	Owning VI	read
{LV.ComboBoxConstant}	Position	read
{LV.ComboBoxConstant}	Position:Left	read
{LV.ComboBoxConstant}	Position:Top	read
{LV.ComboBoxConstant}	Prealloc Length	read
{LV.ComboBoxConstant}	Scrollbar Visible?	read
{LV.ComboBoxConstant}	Selected	read
{LV.ComboBoxConstant}	Size To Text?	read
{LV.ComboBoxConstant}	Strings And Values []	read
{LV.ComboBoxConstant}	Strings []	read
{LV.ComboBoxConstant}	Terminal	read
{LV.ComboBoxConstant}	Tip Strip	read
{LV.ComboBoxConstant}	Total Bounds Rect	read
{LV.ComboBoxConstant}	Typedef:Path	read
{LV.ComboBoxConstant}	Typedef:VI	read
{LV.ComboBoxConstant}	Value	read
{LV.ComboBox}	Allow Undefined Strings	read
{LV.ComboBox}	Auto-Update From Typedef	read
{LV.ComboBox}	Bit Accurate Data Size	read
{LV.ComboBox}	Blinking	read
{LV.ComboBox}	Bounds	read
{LV.ComboBox}	Bounds:Area Height	read
{LV.ComboBox}	Bounds:Area Width	read
{LV.ComboBox}	Caption	read
{LV.ComboBox}	Class ID	read
{LV.ComboBox}	Class Name	read
{LV.ComboBox}	Control Reference Nodes[]	read
{LV.ComboBox}	DataSocket:Enabled	read
{LV.ComboBox}	DataSocket:LED Visible	read
{LV.ComboBox}	DataSocket:Mode	read
{LV.ComboBox}	DataSocket:Status	read
{LV.ComboBox}	DataSocket:URL	read
{LV.ComboBox}	Default Value	read
{LV.ComboBox}	Description	read
{LV.ComboBox}	Disabled	read
{LV.ComboBox}	Display Style	read
{LV.ComboBox}	Focus Key Binding	read
{LV.ComboBox}	Force Unicode Text	read
{LV.ComboBox}	Group Member Refs[]	read
{LV.ComboBox}	Grouped	read
{LV.ComboBox}	Has Caption	read
{LV.ComboBox}	Indicator	read
{LV.ComboBox}	Invoke Nodes[]	read
{LV.ComboBox}	Is On Block Diagram?	read
{LV.ComboBox}	Is On Connector Pane	read
{LV.ComboBox}	Is Typedef?	read
{LV.ComboBox}	Key Focus	read
{LV.ComboBox}	Label	read
{LV.ComboBox}	Latch Value	read
{LV.ComboBox}	Limit To Single Line?	read
{LV.ComboBox}	Local Variables[]	read
{LV.ComboBox}	Locked	read
{LV.ComboBox}	Master Bounds Rect	read
{LV.ComboBox}	Modified	read
{LV.ComboBox}	Owner (Deprecated)	read
{LV.ComboBox}	Owning VI	read
{LV.ComboBox}	Position	read
{LV.ComboBox}	Position:Left	read
{LV.ComboBox}	Position:Top	read
{LV.ComboBox}	Prealloc Length	read
{LV.ComboBox}	Property Nodes[]	read
{LV.ComboBox}	Scrollbar Visible	read
{LV.ComboBox}	Selected	read
{LV.ComboBox}	Size	read
{LV.ComboBox}	Skip When Tabbing	read
{LV.ComboBox}	Strings And Values []	read
{LV.ComboBox}	Strings []	read
{LV.ComboBox}	Synchronous Display	read
{LV.ComboBox}	Terminal	read
{LV.ComboBox}	Text	read
{LV.ComboBox}	Tip Strip	read
{LV.ComboBox}	Total Bounds Rect	read
{LV.ComboBox}	Type Descriptor	read
{LV.ComboBox}	Typedef:Path	read
{LV.ComboBox}	Typedef:VI	read
{LV.ComboBox}	Update While Typing?	read
{LV.ComboBox}	Value	read
{LV.ComboBox}	Value (Signaling)	write
{LV.ComboBox}	Visible	read
{LV.ComboBox}	Wizard Data	read
{LV.CompanionDiagram}	All Objects[]	read
{LV.CompanionDiagram}	Bounds	read
{LV.CompanionDiagram}	Bounds:Area Height	read
{LV.CompanionDiagram}	Bounds:Area Width	read
{LV.CompanionDiagram}	Class ID	read
{LV.CompanionDiagram}	Class Name	read
{LV.CompanionDiagram}	Color	read
{LV.CompanionDiagram}	Decorations[]	read
{LV.CompanionDiagram}	Firing Order	read
{LV.CompanionDiagram}	Functions[]	read
{LV.CompanionDiagram}	Group Member Refs[]	read
{LV.CompanionDiagram}	Grouped	read
{LV.CompanionDiagram}	Is Break Point Set	read
{LV.CompanionDiagram}	Is On Block Diagram?	read
{LV.CompanionDiagram}	Locked	read
{LV.CompanionDiagram}	Master Bounds Rect	read
{LV.CompanionDiagram}	Modified	read
{LV.CompanionDiagram}	Owner (Deprecated)	read
{LV.CompanionDiagram}	Owning VI	read
{LV.CompanionDiagram}	Position	read
{LV.CompanionDiagram}	Position:Left	read
{LV.CompanionDiagram}	Position:Top	read
{LV.CompanionDiagram}	Selected	read
{LV.CompanionDiagram}	SubVIs[]	read
{LV.CompanionDiagram}	Total Bounds Rect	read
{LV.CompanionDiagram}	Visible Bounds	read
{LV.CompanionDiagram}	Wires[]	read
{LV.Comparison}	Bounds	read
{LV.Comparison}	Bounds:Area Height	read
{LV.Comparison}	Bounds:Area Width	read
{LV.Comparison}	Class ID	read
{LV.Comparison}	Class Name	read
{LV.Comparison}	Clump Num	read
{LV.Comparison}	Compare Aggregates?	read
{LV.Comparison}	Description	read
{LV.Comparison}	Fire Count	read
{LV.Comparison}	Group Member Refs[]	read
{LV.Comparison}	Grouped	read
{LV.Comparison}	Has Side Effects?	read
{LV.Comparison}	Icon	read
{LV.Comparison}	Is Asynchronous	read
{LV.Comparison}	Is Break Point Set	read
{LV.Comparison}	Is On Block Diagram?	read
{LV.Comparison}	Label	read
{LV.Comparison}	Locked	read
{LV.Comparison}	Master Bounds Rect	read
{LV.Comparison}	Modified	read
{LV.Comparison}	Owner (Deprecated)	read
{LV.Comparison}	Owning VI	read
{LV.Comparison}	Position	read
{LV.Comparison}	Position:Left	read
{LV.Comparison}	Position:Top	read
{LV.Comparison}	Selected	read
{LV.Comparison}	Short Count	read
{LV.Comparison}	Style	read
{LV.Comparison}	Terminals Visible?	read
{LV.Comparison}	Terminals[]	read
{LV.Comparison}	Total Bounds Rect	read
{LV.CompoundArithmetic}	Bounds	read
{LV.CompoundArithmetic}	Bounds:Area Height	read
{LV.CompoundArithmetic}	Bounds:Area Width	read
{LV.CompoundArithmetic}	Class ID	read
{LV.CompoundArithmetic}	Class Name	read
{LV.CompoundArithmetic}	Clump Num	read
{LV.CompoundArithmetic}	Description	read
{LV.CompoundArithmetic}	Fire Count	read
{LV.CompoundArithmetic}	Group Member Refs[]	read
{LV.CompoundArithmetic}	Grouped	read
{LV.CompoundArithmetic}	Icon	read
{LV.CompoundArithmetic}	Invert Inputs?[]	read
{LV.CompoundArithmetic}	Is Asynchronous	read
{LV.CompoundArithmetic}	Is Break Point Set	read
{LV.CompoundArithmetic}	Is On Block Diagram?	read
{LV.CompoundArithmetic}	Label	read
{LV.CompoundArithmetic}	Locked	read
{LV.CompoundArithmetic}	Master Bounds Rect	read
{LV.CompoundArithmetic}	Mode	read
{LV.CompoundArithmetic}	Modified	read
{LV.CompoundArithmetic}	Owner (Deprecated)	read
{LV.CompoundArithmetic}	Owning VI	read
{LV.CompoundArithmetic}	Position	read
{LV.CompoundArithmetic}	Position:Left	read
{LV.CompoundArithmetic}	Position:Top	read
{LV.CompoundArithmetic}	Selected	read
{LV.CompoundArithmetic}	Short Count	read
{LV.CompoundArithmetic}	Style	read
{LV.CompoundArithmetic}	Terminal Height	read
{LV.CompoundArithmetic}	Terminals[]	read
{LV.CompoundArithmetic}	Total Bounds Rect	read
{LV.ConfNode}	Bad SubVI Linkage	read
{LV.ConfNode}	Bounds	read
{LV.ConfNode}	Bounds:Area Height	read
{LV.ConfNode}	Bounds:Area Width	read
{LV.ConfNode}	Class ID	read
{LV.ConfNode}	Class Name	read
{LV.ConfNode}	Clump Num	read
{LV.ConfNode}	Description	read
{LV.ConfNode}	Fire Count	read
{LV.ConfNode}	Group Member Refs[]	read
{LV.ConfNode}	Grouped	read
{LV.ConfNode}	Grow Terms	read
{LV.ConfNode}	Icon	read
{LV.ConfNode}	Is Asynchronous	read
{LV.ConfNode}	Is Break Point Set	read
{LV.ConfNode}	Is On Block Diagram?	read
{LV.ConfNode}	Label	read
{LV.ConfNode}	Locked	read
{LV.ConfNode}	Master Bounds Rect	read
{LV.ConfNode}	Modified	read
{LV.ConfNode}	Owner (Deprecated)	read
{LV.ConfNode}	Owning VI	read
{LV.ConfNode}	Position	read
{LV.ConfNode}	Position:Left	read
{LV.ConfNode}	Position:Top	read
{LV.ConfNode}	Selected	read
{LV.ConfNode}	Short Count	read
{LV.ConfNode}	Skip Subroutine Call If Busy	read
{LV.ConfNode}	Style	read
{LV.ConfNode}	SubVI Setup:Close Front Panel After Call	read
{LV.ConfNode}	SubVI Setup:Open Front Panel When Loaded	read
{LV.ConfNode}	SubVI Setup:Show Front Panel When Called	read
{LV.ConfNode}	SubVI Setup:Suspend When Called	read
{LV.ConfNode}	Terminals Visible?	read
{LV.ConfNode}	Terminals[]	read
{LV.ConfNode}	Total Bounds Rect	read
{LV.ConfNode}	VI Name	read
{LV.ConfNode}	VI Path	read
{LV.ConfNode}	VI Reference	read
{LV.ConfNode}	View As Icon	read
{LV.ConnectorPane}	Class ID	read
{LV.ConnectorPane}	Class Name	read
{LV.ConnectorPane}	Controls[]	read
{LV.ConnectorPane}	Icon Visible	read
{LV.ConnectorPane}	Is On Block Diagram?	read
{LV.ConnectorPane}	Modified	read
{LV.ConnectorPane}	Number of Connection Terminals	read
{LV.ConnectorPane}	Owner (Deprecated)	read
{LV.ConnectorPane}	Owning VI	read
{LV.ConnectorPane}	Pattern	read
{LV.ConnectorPane}	Terminal Bounds[]	read
{LV.Constant}	Auto-Update From Typedef	read
{LV.Constant}	Bounds	read
{LV.Constant}	Bounds:Area Height	read
{LV.Constant}	Bounds:Area Width	read
{LV.Constant}	Class ID	read
{LV.Constant}	Class Name	read
{LV.Constant}	Description	read
{LV.Constant}	Group Member Refs[]	read
{LV.Constant}	Grouped	read
{LV.Constant}	Is On Block Diagram?	read
{LV.Constant}	Is Typedef?	read
{LV.Constant}	Label	read
{LV.Constant}	Locked	read
{LV.Constant}	Master Bounds Rect	read
{LV.Constant}	Modified	read
{LV.Constant}	Owner (Deprecated)	read
{LV.Constant}	Owning VI	read
{LV.Constant}	Position	read
{LV.Constant}	Position:Left	read
{LV.Constant}	Position:Top	read
{LV.Constant}	Selected	read
{LV.Constant}	Terminal	read
{LV.Constant}	Tip Strip	read
{LV.Constant}	Total Bounds Rect	read
{LV.Constant}	Typedef:Path	read
{LV.Constant}	Typedef:VI	read
{LV.Constant}	Value	read
{LV.ControlReferenceConstant}	Bounds	read
{LV.ControlReferenceConstant}	Bounds:Area Height	read
{LV.ControlReferenceConstant}	Bounds:Area Width	read
{LV.ControlReferenceConstant}	Class ID	read
{LV.ControlReferenceConstant}	Class Name	read
{LV.ControlReferenceConstant}	Clump Num	read
{LV.ControlReferenceConstant}	Description	read
{LV.ControlReferenceConstant}	Fire Count	read
{LV.ControlReferenceConstant}	Group Member Refs[]	read
{LV.ControlReferenceConstant}	Grouped	read
{LV.ControlReferenceConstant}	Icon	read
{LV.ControlReferenceConstant}	Is Asynchronous	read
{LV.ControlReferenceConstant}	Is Break Point Set	read
{LV.ControlReferenceConstant}	Is On Block Diagram?	read
{LV.ControlReferenceConstant}	Label	read
{LV.ControlReferenceConstant}	Locked	read
{LV.ControlReferenceConstant}	Master Bounds Rect	read
{LV.ControlReferenceConstant}	Modified	read
{LV.ControlReferenceConstant}	Owner (Deprecated)	read
{LV.ControlReferenceConstant}	Owning VI	read
{LV.ControlReferenceConstant}	Position	read
{LV.ControlReferenceConstant}	Position:Left	read
{LV.ControlReferenceConstant}	Position:Top	read
{LV.ControlReferenceConstant}	Selected	read
{LV.ControlReferenceConstant}	Short Count	read
{LV.ControlReferenceConstant}	Style	read
{LV.ControlReferenceConstant}	Terminals[]	read
{LV.ControlReferenceConstant}	Total Bounds Rect	read
{LV.ControlTerminal}	Bounds	read
{LV.ControlTerminal}	Bounds:Area Height	read
{LV.ControlTerminal}	Bounds:Area Width	read
{LV.ControlTerminal}	Caption	read
{LV.ControlTerminal}	Class ID	read
{LV.ControlTerminal}	Class Name	read
{LV.ControlTerminal}	Coercion Dot?	read
{LV.ControlTerminal}	Connected Wire	read
{LV.ControlTerminal}	Control	read
{LV.ControlTerminal}	Diagram	read
{LV.ControlTerminal}	Group Member Refs[]	read
{LV.ControlTerminal}	Grouped	read
{LV.ControlTerminal}	Is On Block Diagram?	read
{LV.ControlTerminal}	Is Source?	read
{LV.ControlTerminal}	Label	read
{LV.ControlTerminal}	Locked	read
{LV.ControlTerminal}	Master Bounds Rect	read
{LV.ControlTerminal}	Modified	read
{LV.ControlTerminal}	Name	read
{LV.ControlTerminal}	Owner (Deprecated)	read
{LV.ControlTerminal}	Owning VI	read
{LV.ControlTerminal}	Position	read
{LV.ControlTerminal}	Position:Left	read
{LV.ControlTerminal}	Position:Top	read
{LV.ControlTerminal}	Selected	read
{LV.ControlTerminal}	Total Bounds Rect	read
{LV.ControlTerminal}	Type Descriptor	read
{LV.Control}	Auto-Update From Typedef	read
{LV.Control}	Bit Accurate Data Size	read
{LV.Control}	Blinking	read
{LV.Control}	Bounds	read
{LV.Control}	Bounds:Area Height	read
{LV.Control}	Bounds:Area Width	read
{LV.Control}	Caption	read
{LV.Control}	Class ID	read
{LV.Control}	Class Name	read
{LV.Control}	Control Reference Nodes[]	read
{LV.Control}	DataSocket:Enabled	read
{LV.Control}	DataSocket:LED Visible	read
{LV.Control}	DataSocket:Mode	read
{LV.Control}	DataSocket:Status	read
{LV.Control}	DataSocket:URL	read
{LV.Control}	Default Value	read
{LV.Control}	Description	read
{LV.Control}	Disabled	read
{LV.Control}	Focus Key Binding	read
{LV.Control}	Group Member Refs[]	read
{LV.Control}	Grouped	read
{LV.Control}	Has Caption	read
{LV.Control}	Indicator	read
{LV.Control}	Invoke Nodes[]	read
{LV.Control}	Is On Block Diagram?	read
{LV.Control}	Is On Connector Pane	read
{LV.Control}	Is Typedef?	read
{LV.Control}	Key Focus	read
{LV.Control}	Label	read
{LV.Control}	Latch Value	read
{LV.Control}	Local Variables[]	read
{LV.Control}	Locked	read
{LV.Control}	Master Bounds Rect	read
{LV.Control}	Modified	read
{LV.Control}	Owner (Deprecated)	read
{LV.Control}	Owning VI	read
{LV.Control}	Position	read
{LV.Control}	Position:Left	read
{LV.Control}	Position:Top	read
{LV.Control}	Property Nodes[]	read
{LV.Control}	Selected	read
{LV.Control}	Skip When Tabbing	read
{LV.Control}	Synchronous Display	read
{LV.Control}	Terminal	read
{LV.Control}	Tip Strip	read
{LV.Control}	Total Bounds Rect	read
{LV.Control}	Type Descriptor	read
{LV.Control}	Typedef:Path	read
{LV.Control}	Typedef:VI	read
{LV.Control}	Value	read
{LV.Control}	Value (Signaling)	write
{LV.Control}	Visible	read
{LV.Control}	Wizard Data	read
{LV.Cursor}	Allow Drag	read
{LV.Cursor}	Class ID	read
{LV.Cursor}	Class Name	read
{LV.Cursor}	Cursor Color	read
{LV.Cursor}	Cursor Index	read
{LV.Cursor}	Cursor Lock Style	read
{LV.Cursor}	Cursor Name	read
{LV.Cursor}	Cursor Name Visible	read
{LV.Cursor}	Cursor Plot	read
{LV.Cursor}	Cursor Point Style	read
{LV.Cursor}	Cursor Position	read
{LV.Cursor}	Cursor Position:Cursor X	read
{LV.Cursor}	Cursor Position:Cursor Y	read
{LV.Cursor}	Cursor Style	read
{LV.Cursor}	Is On Block Diagram?	read
{LV.Cursor}	Line Style	read
{LV.Cursor}	Line Width	read
{LV.Cursor}	Modified	read
{LV.Cursor}	Owner (Deprecated)	read
{LV.Cursor}	Owning VI	read
{LV.Cursor}	Visible	read
{LV.DAQChannelNameConstant}	AllowCreateNew	read
{LV.DAQChannelNameConstant}	AllowMultiple	read
{LV.DAQChannelNameConstant}	AllowUndefined	read
{LV.DAQChannelNameConstant}	Auto-Update From Typedef	read
{LV.DAQChannelNameConstant}	Bounds	read
{LV.DAQChannelNameConstant}	Bounds:Area Height	read
{LV.DAQChannelNameConstant}	Bounds:Area Width	read
{LV.DAQChannelNameConstant}	Class ID	read
{LV.DAQChannelNameConstant}	Class Name	read
{LV.DAQChannelNameConstant}	Description	read
{LV.DAQChannelNameConstant}	Device String	read
{LV.DAQChannelNameConstant}	DisplayFilter	read
{LV.DAQChannelNameConstant}	DropDownList[]	read
{LV.DAQChannelNameConstant}	FilterOnDevice	read
{LV.DAQChannelNameConstant}	FilterOnSubTypeClass	read
{LV.DAQChannelNameConstant}	FilterOnTypeClass	read
{LV.DAQChannelNameConstant}	Group Member Refs[]	read
{LV.DAQChannelNameConstant}	Grouped	read
{LV.DAQChannelNameConstant}	IncludeInvalid	read
{LV.DAQChannelNameConstant}	Is On Block Diagram?	read
{LV.DAQChannelNameConstant}	Is Typedef?	read
{LV.DAQChannelNameConstant}	Label	read
{LV.DAQChannelNameConstant}	Locked	read
{LV.DAQChannelNameConstant}	Master Bounds Rect	read
{LV.DAQChannelNameConstant}	Modified	read
{LV.DAQChannelNameConstant}	Owner (Deprecated)	read
{LV.DAQChannelNameConstant}	Owning VI	read
{LV.DAQChannelNameConstant}	Position	read
{LV.DAQChannelNameConstant}	Position:Left	read
{LV.DAQChannelNameConstant}	Position:Top	read
{LV.DAQChannelNameConstant}	Selected	read
{LV.DAQChannelNameConstant}	SubTypeClass	read
{LV.DAQChannelNameConstant}	TagList[]	read
{LV.DAQChannelNameConstant}	TagType	read
{LV.DAQChannelNameConstant}	Terminal	read
{LV.DAQChannelNameConstant}	Tip Strip	read
{LV.DAQChannelNameConstant}	Total Bounds Rect	read
{LV.DAQChannelNameConstant}	TypeClass	read
{LV.DAQChannelNameConstant}	Typedef:Path	read
{LV.DAQChannelNameConstant}	Typedef:VI	read
{LV.DAQChannelNameConstant}	UpdatedTagList[]	read
{LV.DAQChannelNameConstant}	Value	read
{LV.DAQChannelName}	Allow Multiple Names	read
{LV.DAQChannelName}	Allow Undefined Names	read
{LV.DAQChannelName}	AllowCreateNew	read
{LV.DAQChannelName}	AllowMultiple	read
{LV.DAQChannelName}	AllowUndefined	read
{LV.DAQChannelName}	Auto-Update From Typedef	read
{LV.DAQChannelName}	Bit Accurate Data Size	read
{LV.DAQChannelName}	Blinking	read
{LV.DAQChannelName}	Bounds	read
{LV.DAQChannelName}	Bounds:Area Height	read
{LV.DAQChannelName}	Bounds:Area Width	read
{LV.DAQChannelName}	Caption	read
{LV.DAQChannelName}	Class ID	read
{LV.DAQChannelName}	Class Name	read
{LV.DAQChannelName}	Control Reference Nodes[]	read
{LV.DAQChannelName}	DataSocket:Enabled	read
{LV.DAQChannelName}	DataSocket:LED Visible	read
{LV.DAQChannelName}	DataSocket:Mode	read
{LV.DAQChannelName}	DataSocket:Status	read
{LV.DAQChannelName}	DataSocket:URL	read
{LV.DAQChannelName}	Default Value	read
{LV.DAQChannelName}	Description	read
{LV.DAQChannelName}	Device String	read
{LV.DAQChannelName}	Disabled	read
{LV.DAQChannelName}	DisplayFilter	read
{LV.DAQChannelName}	DropDownList[]	read
{LV.DAQChannelName}	FilterOnDevice	read
{LV.DAQChannelName}	FilterOnSubTypeClass	read
{LV.DAQChannelName}	FilterOnTypeClass	read
{LV.DAQChannelName}	Focus Key Binding	read
{LV.DAQChannelName}	Group Member Refs[]	read
{LV.DAQChannelName}	Grouped	read
{LV.DAQChannelName}	Has Caption	read
{LV.DAQChannelName}	IncludeInvalid	read
{LV.DAQChannelName}	Indicator	read
{LV.DAQChannelName}	Invoke Nodes[]	read
{LV.DAQChannelName}	Is On Block Diagram?	read
{LV.DAQChannelName}	Is On Connector Pane	read
{LV.DAQChannelName}	Is Typedef?	read
{LV.DAQChannelName}	Key Focus	read
{LV.DAQChannelName}	Label	read
{LV.DAQChannelName}	Latch Value	read
{LV.DAQChannelName}	Local Variables[]	read
{LV.DAQChannelName}	Locked	read
{LV.DAQChannelName}	Master Bounds Rect	read
{LV.DAQChannelName}	Modified	read
{LV.DAQChannelName}	Owner (Deprecated)	read
{LV.DAQChannelName}	Owning VI	read
{LV.DAQChannelName}	Position	read
{LV.DAQChannelName}	Position:Left	read
{LV.DAQChannelName}	Position:Top	read
{LV.DAQChannelName}	Property Nodes[]	read
{LV.DAQChannelName}	Selected	read
{LV.DAQChannelName}	Size	read
{LV.DAQChannelName}	Skip When Tabbing	read
{LV.DAQChannelName}	SubTypeClass	read
{LV.DAQChannelName}	Synchronous Display	read
{LV.DAQChannelName}	TagList[]	read
{LV.DAQChannelName}	TagType	read
{LV.DAQChannelName}	Terminal	read
{LV.DAQChannelName}	Text	read
{LV.DAQChannelName}	Tip Strip	read
{LV.DAQChannelName}	Total Bounds Rect	read
{LV.DAQChannelName}	Type Descriptor	read
{LV.DAQChannelName}	TypeClass	read
{LV.DAQChannelName}	Typedef:Path	read
{LV.DAQChannelName}	Typedef:VI	read
{LV.DAQChannelName}	UpdatedTagList[]	read
{LV.DAQChannelName}	Value	read
{LV.DAQChannelName}	Value (Signaling)	write
{LV.DAQChannelName}	Visible	read
{LV.DAQChannelName}	Wizard Data	read
{LV.DAQmxNameConstant}	Allow Undefined Names	read
{LV.DAQmxNameConstant}	AllowCreateNew	read
{LV.DAQmxNameConstant}	AllowMultiple	read
{LV.DAQmxNameConstant}	AllowUndefined	read
{LV.DAQmxNameConstant}	Analog Trigger:Show AI Channels	read
{LV.DAQmxNameConstant}	Analog Trigger:Show Dedicated	read
{LV.DAQmxNameConstant}	Auto-Update From Typedef	read
{LV.DAQmxNameConstant}	Bounds	read
{LV.DAQmxNameConstant}	Bounds:Area Height	read
{LV.DAQmxNameConstant}	Bounds:Area Width	read
{LV.DAQmxNameConstant}	Channel:Signal Type	read
{LV.DAQmxNameConstant}	Class ID	read
{LV.DAQmxNameConstant}	Class Name	read
{LV.DAQmxNameConstant}	Description	read
{LV.DAQmxNameConstant}	Device	read
{LV.DAQmxNameConstant}	Device String	read
{LV.DAQmxNameConstant}	DisplayFilter	read
{LV.DAQmxNameConstant}	DropDownList[]	read
{LV.DAQmxNameConstant}	FilterOnDevice	read
{LV.DAQmxNameConstant}	FilterOnSubTypeClass	read
{LV.DAQmxNameConstant}	FilterOnTypeClass	read
{LV.DAQmxNameConstant}	Group Member Refs[]	read
{LV.DAQmxNameConstant}	Grouped	read
{LV.DAQmxNameConstant}	Include Invalid Names	read
{LV.DAQmxNameConstant}	IncludeInvalid	read
{LV.DAQmxNameConstant}	Is On Block Diagram?	read
{LV.DAQmxNameConstant}	Is Typedef?	read
{LV.DAQmxNameConstant}	Label	read
{LV.DAQmxNameConstant}	Locked	read
{LV.DAQmxNameConstant}	Master Bounds Rect	read
{LV.DAQmxNameConstant}	Modified	read
{LV.DAQmxNameConstant}	Owner (Deprecated)	read
{LV.DAQmxNameConstant}	Owning VI	read
{LV.DAQmxNameConstant}	Physical Channel:Show External	read
{LV.DAQmxNameConstant}	Physical Channel:Show Internal	read
{LV.DAQmxNameConstant}	Physical Channel:Show Internal Bizarre	read
{LV.DAQmxNameConstant}	Physical Channel:Signal Type	read
{LV.DAQmxNameConstant}	Position	read
{LV.DAQmxNameConstant}	Position:Left	read
{LV.DAQmxNameConstant}	Position:Top	read
{LV.DAQmxNameConstant}	Selected	read
{LV.DAQmxNameConstant}	SubTypeClass	read
{LV.DAQmxNameConstant}	Switch:Show Channels	read
{LV.DAQmxNameConstant}	Switch:Show Relays	read
{LV.DAQmxNameConstant}	Switch:Show Topologies	read
{LV.DAQmxNameConstant}	TagList[]	read
{LV.DAQmxNameConstant}	TagType	read
{LV.DAQmxNameConstant}	Terminal	read
{LV.DAQmxNameConstant}	Terminal:Show Advanced	read
{LV.DAQmxNameConstant}	Terminal:Show Basic	read
{LV.DAQmxNameConstant}	Terminal:Show Private	read
{LV.DAQmxNameConstant}	Tip Strip	read
{LV.DAQmxNameConstant}	Total Bounds Rect	read
{LV.DAQmxNameConstant}	TypeClass	read
{LV.DAQmxNameConstant}	Typedef:Path	read
{LV.DAQmxNameConstant}	Typedef:VI	read
{LV.DAQmxNameConstant}	UpdatedTagList[]	read
{LV.DAQmxNameConstant}	Value	read
{LV.DAQmxName}	Allow Undefined Names	read
{LV.DAQmxName}	AllowCreateNew	read
{LV.DAQmxName}	AllowMultiple	read
{LV.DAQmxName}	AllowUndefined	read
{LV.DAQmxName}	Analog Trigger:Show AI Channels	read
{LV.DAQmxName}	Analog Trigger:Show Dedicated	read
{LV.DAQmxName}	Auto-Update From Typedef	read
{LV.DAQmxName}	Bit Accurate Data Size	read
{LV.DAQmxName}	Blinking	read
{LV.DAQmxName}	Bounds	read
{LV.DAQmxName}	Bounds:Area Height	read
{LV.DAQmxName}	Bounds:Area Width	read
{LV.DAQmxName}	Caption	read
{LV.DAQmxName}	Channel:Signal Type	read
{LV.DAQmxName}	Class ID	read
{LV.DAQmxName}	Class Name	read
{LV.DAQmxName}	Control Reference Nodes[]	read
{LV.DAQmxName}	DataSocket:Enabled	read
{LV.DAQmxName}	DataSocket:LED Visible	read
{LV.DAQmxName}	DataSocket:Mode	read
{LV.DAQmxName}	DataSocket:Status	read
{LV.DAQmxName}	DataSocket:URL	read
{LV.DAQmxName}	Default Value	read
{LV.DAQmxName}	Description	read
{LV.DAQmxName}	Device	read
{LV.DAQmxName}	Device String	read
{LV.DAQmxName}	Disabled	read
{LV.DAQmxName}	DisplayFilter	read
{LV.DAQmxName}	DropDownList[]	read
{LV.DAQmxName}	FilterOnDevice	read
{LV.DAQmxName}	FilterOnSubTypeClass	read
{LV.DAQmxName}	FilterOnTypeClass	read
{LV.DAQmxName}	Focus Key Binding	read
{LV.DAQmxName}	Group Member Refs[]	read
{LV.DAQmxName}	Grouped	read
{LV.DAQmxName}	Has Caption	read
{LV.DAQmxName}	Include Invalid Names	read
{LV.DAQmxName}	IncludeInvalid	read
{LV.DAQmxName}	Indicator	read
{LV.DAQmxName}	Invoke Nodes[]	read
{LV.DAQmxName}	Is On Block Diagram?	read
{LV.DAQmxName}	Is On Connector Pane	read
{LV.DAQmxName}	Is Typedef?	read
{LV.DAQmxName}	Key Focus	read
{LV.DAQmxName}	Label	read
{LV.DAQmxName}	Latch Value	read
{LV.DAQmxName}	Local Variables[]	read
{LV.DAQmxName}	Locked	read
{LV.DAQmxName}	Master Bounds Rect	read
{LV.DAQmxName}	Modified	read
{LV.DAQmxName}	Owner (Deprecated)	read
{LV.DAQmxName}	Owning VI	read
{LV.DAQmxName}	Physical Channel:Show External	read
{LV.DAQmxName}	Physical Channel:Show Internal	read
{LV.DAQmxName}	Physical Channel:Show Internal Bizarre	read
{LV.DAQmxName}	Physical Channel:Signal Type	read
{LV.DAQmxName}	Position	read
{LV.DAQmxName}	Position:Left	read
{LV.DAQmxName}	Position:Top	read
{LV.DAQmxName}	Property Nodes[]	read
{LV.DAQmxName}	Selected	read
{LV.DAQmxName}	Size	read
{LV.DAQmxName}	Skip When Tabbing	read
{LV.DAQmxName}	SubTypeClass	read
{LV.DAQmxName}	Switch:Show Channels	read
{LV.DAQmxName}	Switch:Show Relays	read
{LV.DAQmxName}	Switch:Show Topologies	read
{LV.DAQmxName}	Synchronous Display	read
{LV.DAQmxName}	TagList[]	read
{LV.DAQmxName}	TagType	read
{LV.DAQmxName}	Terminal	read
{LV.DAQmxName}	Terminal:Show Advanced	read
{LV.DAQmxName}	Terminal:Show Basic	read
{LV.DAQmxName}	Terminal:Show Private	read
{LV.DAQmxName}	Text	read
{LV.DAQmxName}	Tip Strip	read
{LV.DAQmxName}	Total Bounds Rect	read
{LV.DAQmxName}	Type Descriptor	read
{LV.DAQmxName}	TypeClass	read
{LV.DAQmxName}	Typedef:Path	read
{LV.DAQmxName}	Typedef:VI	read
{LV.DAQmxName}	UpdatedTagList[]	read
{LV.DAQmxName}	Value	read
{LV.DAQmxName}	Value (Signaling)	write
{LV.DAQmxName}	Visible	read
{LV.DAQmxName}	Wizard Data	read
{LV.DSCTagConstant}	AllowCreateNew	read
{LV.DSCTagConstant}	AllowMultiple	read
{LV.DSCTagConstant}	AllowUndefined	read
{LV.DSCTagConstant}	Auto-Update From Typedef	read
{LV.DSCTagConstant}	Bounds	read
{LV.DSCTagConstant}	Bounds:Area Height	read
{LV.DSCTagConstant}	Bounds:Area Width	read
{LV.DSCTagConstant}	Class ID	read
{LV.DSCTagConstant}	Class Name	read
{LV.DSCTagConstant}	Description	read
{LV.DSCTagConstant}	Device String	read
{LV.DSCTagConstant}	DisplayFilter	read
{LV.DSCTagConstant}	DropDownList[]	read
{LV.DSCTagConstant}	FilterOnDevice	read
{LV.DSCTagConstant}	FilterOnSubTypeClass	read
{LV.DSCTagConstant}	FilterOnTypeClass	read
{LV.DSCTagConstant}	Group Member Refs[]	read
{LV.DSCTagConstant}	Grouped	read
{LV.DSCTagConstant}	IncludeInvalid	read
{LV.DSCTagConstant}	Is On Block Diagram?	read
{LV.DSCTagConstant}	Is Typedef?	read
{LV.DSCTagConstant}	Label	read
{LV.DSCTagConstant}	Locked	read
{LV.DSCTagConstant}	Master Bounds Rect	read
{LV.DSCTagConstant}	Modified	read
{LV.DSCTagConstant}	Owner (Deprecated)	read
{LV.DSCTagConstant}	Owning VI	read
{LV.DSCTagConstant}	Position	read
{LV.DSCTagConstant}	Position:Left	read
{LV.DSCTagConstant}	Position:Top	read
{LV.DSCTagConstant}	Selected	read
{LV.DSCTagConstant}	SubTypeClass	read
{LV.DSCTagConstant}	TagList[]	read
{LV.DSCTagConstant}	TagType	read
{LV.DSCTagConstant}	Terminal	read
{LV.DSCTagConstant}	Tip Strip	read
{LV.DSCTagConstant}	Total Bounds Rect	read
{LV.DSCTagConstant}	TypeClass	read
{LV.DSCTagConstant}	Typedef:Path	read
{LV.DSCTagConstant}	Typedef:VI	read
{LV.DSCTagConstant}	UpdatedTagList[]	read
{LV.DSCTagConstant}	Value	read
{LV.Decoration}	Bounds	read
{LV.Decoration}	Bounds:Area Height	read
{LV.Decoration}	Bounds:Area Width	read
{LV.Decoration}	Class ID	read
{LV.Decoration}	Class Name	read
{LV.Decoration}	Colors	read
{LV.Decoration}	Colors:BG Color	read
{LV.Decoration}	Colors:FG Color	read
{LV.Decoration}	Group Member Refs[]	read
{LV.Decoration}	Grouped	read
{LV.Decoration}	Is On Block Diagram?	read
{LV.Decoration}	Locked	read
{LV.Decoration}	Master Bounds Rect	read
{LV.Decoration}	Modified	read
{LV.Decoration}	Owner (Deprecated)	read
{LV.Decoration}	Owning VI	read
{LV.Decoration}	Position	read
{LV.Decoration}	Position:Left	read
{LV.Decoration}	Position:Top	read
{LV.Decoration}	Selected	read
{LV.Decoration}	Size	read
{LV.Decoration}	Total Bounds Rect	read
{LV.Decoration}	Visible	read
{LV.Diagram}	All Objects[]	read
{LV.Diagram}	Bounds	read
{LV.Diagram}	Bounds:Area Height	read
{LV.Diagram}	Bounds:Area Width	read
{LV.Diagram}	Class ID	read
{LV.Diagram}	Class Name	read
{LV.Diagram}	Color	read
{LV.Diagram}	Decorations[]	read
{LV.Diagram}	Firing Order	read
{LV.Diagram}	Functions[]	read
{LV.Diagram}	Group Member Refs[]	read
{LV.Diagram}	Grouped	read
{LV.Diagram}	Is Break Point Set	read
{LV.Diagram}	Is On Block Diagram?	read
{LV.Diagram}	Locked	read
{LV.Diagram}	Master Bounds Rect	read
{LV.Diagram}	Modified	read
{LV.Diagram}	Owner (Deprecated)	read
{LV.Diagram}	Owning VI	read
{LV.Diagram}	Position	read
{LV.Diagram}	Position:Left	read
{LV.Diagram}	Position:Top	read
{LV.Diagram}	Selected	read
{LV.Diagram}	SubVIs[]	read
{LV.Diagram}	Total Bounds Rect	read
{LV.Diagram}	Visible Bounds	read
{LV.Diagram}	Wires[]	read
{LV.DigitalNumericConstant}	Auto-Update From Typedef	read
{LV.DigitalNumericConstant}	Bounds	read
{LV.DigitalNumericConstant}	Bounds:Area Height	read
{LV.DigitalNumericConstant}	Bounds:Area Width	read
{LV.DigitalNumericConstant}	Class ID	read
{LV.DigitalNumericConstant}	Class Name	read
{LV.DigitalNumericConstant}	Description	read
{LV.DigitalNumericConstant}	Display Format	read
{LV.DigitalNumericConstant}	Display Format:Format	read
{LV.DigitalNumericConstant}	Display Format:Precision	read
{LV.DigitalNumericConstant}	Format String	read
{LV.DigitalNumericConstant}	Group Member Refs[]	read
{LV.DigitalNumericConstant}	Grouped	read
{LV.DigitalNumericConstant}	Is On Block Diagram?	read
{LV.DigitalNumericConstant}	Is Typedef?	read
{LV.DigitalNumericConstant}	Label	read
{LV.DigitalNumericConstant}	Locked	read
{LV.DigitalNumericConstant}	Master Bounds Rect	read
{LV.DigitalNumericConstant}	Modified	read
{LV.DigitalNumericConstant}	Numeric Text	read
{LV.DigitalNumericConstant}	Owner (Deprecated)	read
{LV.DigitalNumericConstant}	Owning VI	read
{LV.DigitalNumericConstant}	Position	read
{LV.DigitalNumericConstant}	Position:Left	read
{LV.DigitalNumericConstant}	Position:Top	read
{LV.DigitalNumericConstant}	Radix Visible?	read
{LV.DigitalNumericConstant}	Representation	read
{LV.DigitalNumericConstant}	Selected	read
{LV.DigitalNumericConstant}	Terminal	read
{LV.DigitalNumericConstant}	Tip Strip	read
{LV.DigitalNumericConstant}	Total Bounds Rect	read
{LV.DigitalNumericConstant}	Typedef:Path	read
{LV.DigitalNumericConstant}	Typedef:VI	read
{LV.DigitalNumericConstant}	Unit Label	read
{LV.DigitalNumericConstant}	Unit Label Visible?	read
{LV.DigitalNumericConstant}	Value	read
{LV.DigitalTable}	Active Cell:Active Cell	read
{LV.DigitalTable}	Active Cell:Cell Background Color	read
{LV.DigitalTable}	Active Cell:Cell Foreground Color	read
{LV.DigitalTable}	Auto-Update From Typedef	read
{LV.DigitalTable}	Bit Accurate Data Size	read
{LV.DigitalTable}	Blinking	read
{LV.DigitalTable}	Bounds	read
{LV.DigitalTable}	Bounds:Area Height	read
{LV.DigitalTable}	Bounds:Area Width	read
{LV.DigitalTable}	Caption	read
{LV.DigitalTable}	Class ID	read
{LV.DigitalTable}	Class Name	read
{LV.DigitalTable}	Control Reference Nodes[]	read
{LV.DigitalTable}	DataSocket:Enabled	read
{LV.DigitalTable}	DataSocket:LED Visible	read
{LV.DigitalTable}	DataSocket:Mode	read
{LV.DigitalTable}	DataSocket:Status	read
{LV.DigitalTable}	DataSocket:URL	read
{LV.DigitalTable}	Default Value	read
{LV.DigitalTable}	Description	read
{LV.DigitalTable}	Disabled	read
{LV.DigitalTable}	Focus Key Binding	read
{LV.DigitalTable}	Format	read
{LV.DigitalTable}	Group Member Refs[]	read
{LV.DigitalTable}	Grouped	read
{LV.DigitalTable}	Has Caption	read
{LV.DigitalTable}	Horizontal Scrollbar Visible	read
{LV.DigitalTable}	Indicator	read
{LV.DigitalTable}	Invoke Nodes[]	read
{LV.DigitalTable}	Is On Block Diagram?	read
{LV.DigitalTable}	Is On Connector Pane	read
{LV.DigitalTable}	Is Typedef?	read
{LV.DigitalTable}	Key Focus	read
{LV.DigitalTable}	Label	read
{LV.DigitalTable}	Latch Value	read
{LV.DigitalTable}	Local Variables[]	read
{LV.DigitalTable}	Locked	read
{LV.DigitalTable}	Master Bounds Rect	read
{LV.DigitalTable}	Modified	read
{LV.DigitalTable}	Old Edit Position	read
{LV.DigitalTable}	Owner (Deprecated)	read
{LV.DigitalTable}	Owning VI	read
{LV.DigitalTable}	Position	read
{LV.DigitalTable}	Position:Left	read
{LV.DigitalTable}	Position:Top	read
{LV.DigitalTable}	Property Nodes[]	read
{LV.DigitalTable}	Selected	read
{LV.DigitalTable}	Selection Color	read
{LV.DigitalTable}	Selection Size	read
{LV.DigitalTable}	Selection Start	read
{LV.DigitalTable}	Signal Numbers Visible	read
{LV.DigitalTable}	Size	read
{LV.DigitalTable}	Skip When Tabbing	read
{LV.DigitalTable}	Synchronous Display	read
{LV.DigitalTable}	Terminal	read
{LV.DigitalTable}	Tip Strip	read
{LV.DigitalTable}	Top Left Cell	read
{LV.DigitalTable}	Total Bounds Rect	read
{LV.DigitalTable}	Transitions Visible	read
{LV.DigitalTable}	Type Descriptor	read
{LV.DigitalTable}	Typedef:Path	read
{LV.DigitalTable}	Typedef:VI	read
{LV.DigitalTable}	Value	read
{LV.DigitalTable}	Value (Signaling)	write
{LV.DigitalTable}	Vertical Scrollbar Visible	read
{LV.DigitalTable}	Visible	read
{LV.DigitalTable}	Wizard Data	read
{LV.Digital}	Auto-Update From Typedef	read
{LV.Digital}	Bit Accurate Data Size	read
{LV.Digital}	Blinking	read
{LV.Digital}	Bounds	read
{LV.Digital}	Bounds:Area Height	read
{LV.Digital}	Bounds:Area Width	read
{LV.Digital}	Caption	read
{LV.Digital}	Class ID	read
{LV.Digital}	Class Name	read
{LV.Digital}	Control Reference Nodes[]	read
{LV.Digital}	Data Entry Limits	read
{LV.Digital}	Data Entry Limits:Increment	read
{LV.Digital}	Data Entry Limits:Maximum	read
{LV.Digital}	Data Entry Limits:Minimum	read
{LV.Digital}	DataSocket:Enabled	read
{LV.Digital}	DataSocket:LED Visible	read
{LV.Digital}	DataSocket:Mode	read
{LV.Digital}	DataSocket:Status	read
{LV.Digital}	DataSocket:URL	read
{LV.Digital}	Default Value	read
{LV.Digital}	Description	read
{LV.Digital}	Disabled	read
{LV.Digital}	Display Format	read
{LV.Digital}	Focus Key Binding	read
{LV.Digital}	Group Member Refs[]	read
{LV.Digital}	Grouped	read
{LV.Digital}	Has Caption	read
{LV.Digital}	Increment/Decrement Visible?	read
{LV.Digital}	Indicator	read
{LV.Digital}	Invoke Nodes[]	read
{LV.Digital}	Is On Block Diagram?	read
{LV.Digital}	Is On Connector Pane	read
{LV.Digital}	Is Typedef?	read
{LV.Digital}	Key Focus	read
{LV.Digital}	Label	read
{LV.Digital}	Latch Value	read
{LV.Digital}	Local Variables[]	read
{LV.Digital}	Locked	read
{LV.Digital}	Master Bounds Rect	read
{LV.Digital}	Modified	read
{LV.Digital}	Numeric Text	read
{LV.Digital}	Old Format & Precision:Old Format	read
{LV.Digital}	Old Format & Precision:Old Precision	read
{LV.Digital}	Old Format String	read
{LV.Digital}	Owner (Deprecated)	read
{LV.Digital}	Owning VI	read
{LV.Digital}	Position	read
{LV.Digital}	Position:Left	read
{LV.Digital}	Position:Top	read
{LV.Digital}	Property Nodes[]	read
{LV.Digital}	Radix Visible?	read
{LV.Digital}	Representation	read
{LV.Digital}	Response to Value Outside Limits	read
{LV.Digital}	Response to Value Outside Limits:Increment	read
{LV.Digital}	Response to Value Outside Limits:Maximum	read
{LV.Digital}	Response to Value Outside Limits:Minimum	read
{LV.Digital}	Selected	read
{LV.Digital}	Skip When Tabbing	read
{LV.Digital}	Synchronous Display	read
{LV.Digital}	Terminal	read
{LV.Digital}	Text Width	read
{LV.Digital}	Tip Strip	read
{LV.Digital}	Total Bounds Rect	read
{LV.Digital}	Type Descriptor	read
{LV.Digital}	Typedef:Path	read
{LV.Digital}	Typedef:VI	read
{LV.Digital}	Unit Label	read
{LV.Digital}	Value	read
{LV.Digital}	Value (Signaling)	write
{LV.Digital}	Visible	read
{LV.Digital}	Wizard Data	read
{LV.EnumConstant}	Auto-Update From Typedef	read
{LV.EnumConstant}	Bounds	read
{LV.EnumConstant}	Bounds:Area Height	read
{LV.EnumConstant}	Bounds:Area Width	read
{LV.EnumConstant}	Class ID	read
{LV.EnumConstant}	Class Name	read
{LV.EnumConstant}	Description	read
{LV.EnumConstant}	Digital Display	read
{LV.EnumConstant}	Group Member Refs[]	read
{LV.EnumConstant}	Grouped	read
{LV.EnumConstant}	Is On Block Diagram?	read
{LV.EnumConstant}	Is Typedef?	read
{LV.EnumConstant}	Items[]	read
{LV.EnumConstant}	Label	read
{LV.EnumConstant}	Locked	read
{LV.EnumConstant}	Master Bounds Rect	read
{LV.EnumConstant}	Modified	read
{LV.EnumConstant}	Owner (Deprecated)	read
{LV.EnumConstant}	Owning VI	read
{LV.EnumConstant}	Position	read
{LV.EnumConstant}	Position:Left	read
{LV.EnumConstant}	Position:Top	read
{LV.EnumConstant}	Representation	read
{LV.EnumConstant}	Selected	read
{LV.EnumConstant}	Terminal	read
{LV.EnumConstant}	Tip Strip	read
{LV.EnumConstant}	Total Bounds Rect	read
{LV.EnumConstant}	Typedef:Path	read
{LV.EnumConstant}	Typedef:VI	read
{LV.EnumConstant}	Value	read
{LV.Enum}	Auto-Update From Typedef	read
{LV.Enum}	Bit Accurate Data Size	read
{LV.Enum}	Blinking	read
{LV.Enum}	Bounds	read
{LV.Enum}	Bounds:Area Height	read
{LV.Enum}	Bounds:Area Width	read
{LV.Enum}	Caption	read
{LV.Enum}	Class ID	read
{LV.Enum}	Class Name	read
{LV.Enum}	Control Reference Nodes[]	read
{LV.Enum}	Data Entry Limits	read
{LV.Enum}	Data Entry Limits:Increment	read
{LV.Enum}	Data Entry Limits:Maximum	read
{LV.Enum}	Data Entry Limits:Minimum	read
{LV.Enum}	DataSocket:Enabled	read
{LV.Enum}	DataSocket:LED Visible	read
{LV.Enum}	DataSocket:Mode	read
{LV.Enum}	DataSocket:Status	read
{LV.Enum}	DataSocket:URL	read
{LV.Enum}	Default Value	read
{LV.Enum}	Description	read
{LV.Enum}	Digital Display	read
{LV.Enum}	Disabled	read
{LV.Enum}	Disabled Items []	read
{LV.Enum}	Focus Key Binding	read
{LV.Enum}	Group Member Refs[]	read
{LV.Enum}	Grouped	read
{LV.Enum}	Has Caption	read
{LV.Enum}	Indicator	read
{LV.Enum}	Invoke Nodes[]	read
{LV.Enum}	Is On Block Diagram?	read
{LV.Enum}	Is On Connector Pane	read
{LV.Enum}	Is Typedef?	read
{LV.Enum}	Key Focus	read
{LV.Enum}	Label	read
{LV.Enum}	Latch Value	read
{LV.Enum}	Local Variables[]	read
{LV.Enum}	Locked	read
{LV.Enum}	Master Bounds Rect	read
{LV.Enum}	Modified	read
{LV.Enum}	Named Numeric Colors	read
{LV.Enum}	Named Numeric Colors:BG Color	read
{LV.Enum}	Named Numeric Colors:Text Color	read
{LV.Enum}	Named Numeric Font	read
{LV.Enum}	Named Numeric Font:Bold	read
{LV.Enum}	Named Numeric Font:Color	read
{LV.Enum}	Named Numeric Font:Italic	read
{LV.Enum}	Named Numeric Font:Name	read
{LV.Enum}	Named Numeric Font:Size	read
{LV.Enum}	Named Numeric Font:Strikeout	read
{LV.Enum}	Named Numeric Font:Underline	read
{LV.Enum}	Named Numeric Size	read
{LV.Enum}	Number of Items	read
{LV.Enum}	Owner (Deprecated)	read
{LV.Enum}	Owning VI	read
{LV.Enum}	Position	read
{LV.Enum}	Position:Left	read
{LV.Enum}	Position:Top	read
{LV.Enum}	Property Nodes[]	read
{LV.Enum}	Representation	read
{LV.Enum}	Response to Value Outside Limits	read
{LV.Enum}	Response to Value Outside Limits:Increment	read
{LV.Enum}	Response to Value Outside Limits:Maximum	read
{LV.Enum}	Response to Value Outside Limits:Minimum	read
{LV.Enum}	Ring Text	read
{LV.Enum}	Selected	read
{LV.Enum}	Skip When Tabbing	read
{LV.Enum}	Strings []	read
{LV.Enum}	Synchronous Display	read
{LV.Enum}	Terminal	read
{LV.Enum}	Tip Strip	read
{LV.Enum}	Total Bounds Rect	read
{LV.Enum}	Type Descriptor	read
{LV.Enum}	Typedef:Path	read
{LV.Enum}	Typedef:VI	read
{LV.Enum}	Unit Label	read
{LV.Enum}	Value	read
{LV.Enum}	Value (Signaling)	write
{LV.Enum}	Visible	read
{LV.Enum}	Wizard Data	read
{LV.EventStructure}	AutoSize To Fit Contents?	read
{LV.EventStructure}	Bounds	read
{LV.EventStructure}	Bounds:Area Height	read
{LV.EventStructure}	Bounds:Area Width	read
{LV.EventStructure}	Class ID	read
{LV.EventStructure}	Class Name	read
{LV.EventStructure}	Clump Num	read
{LV.EventStructure}	Description	read
{LV.EventStructure}	Diagrams[]	read
{LV.EventStructure}	Fire Count	read
{LV.EventStructure}	Frame Selector Rect	read
{LV.EventStructure}	Frame Size	read
{LV.EventStructure}	Frames[]	read
{LV.EventStructure}	Group Member Refs[]	read
{LV.EventStructure}	Grouped	read
{LV.EventStructure}	Icon	read
{LV.EventStructure}	Is Asynchronous	read
{LV.EventStructure}	Is Break Point Set	read
{LV.EventStructure}	Is On Block Diagram?	read
{LV.EventStructure}	Label	read
{LV.EventStructure}	Locked	read
{LV.EventStructure}	Master Bounds Rect	read
{LV.EventStructure}	Modified	read
{LV.EventStructure}	Owner (Deprecated)	read
{LV.EventStructure}	Owning VI	read
{LV.EventStructure}	Position	read
{LV.EventStructure}	Position:Left	read
{LV.EventStructure}	Position:Top	read
{LV.EventStructure}	Selected	read
{LV.EventStructure}	Short Count	read
{LV.EventStructure}	Style	read
{LV.EventStructure}	Terminals[]	read
{LV.EventStructure}	Total Bounds Rect	read
{LV.EventStructure}	Tunnels[]	read
{LV.EventStructure}	Visible Frame	read
{LV.ExternalNode}	AutoSize To Fit Contents?	read
{LV.ExternalNode}	BlockState	read
{LV.ExternalNode}	Bounds	read
{LV.ExternalNode}	Bounds:Area Height	read
{LV.ExternalNode}	Bounds:Area Width	read
{LV.ExternalNode}	Class ID	read
{LV.ExternalNode}	Class Name	read
{LV.ExternalNode}	Clump Num	read
{LV.ExternalNode}	Description	read
{LV.ExternalNode}	Diagrams[]	read
{LV.ExternalNode}	Fire Count	read
{LV.ExternalNode}	Frame Selector Rect	read
{LV.ExternalNode}	Frame Size	read
{LV.ExternalNode}	Frames[]	read
{LV.ExternalNode}	Group Member Refs[]	read
{LV.ExternalNode}	Grouped	read
{LV.ExternalNode}	Icon	read
{LV.ExternalNode}	Is Asynchronous	read
{LV.ExternalNode}	Is Break Point Set	read
{LV.ExternalNode}	Is On Block Diagram?	read
{LV.ExternalNode}	Label	read
{LV.ExternalNode}	Locked	read
{LV.ExternalNode}	Master Bounds Rect	read
{LV.ExternalNode}	Modified	read
{LV.ExternalNode}	Owner (Deprecated)	read
{LV.ExternalNode}	Owning VI	read
{LV.ExternalNode}	Position	read
{LV.ExternalNode}	Position:Left	read
{LV.ExternalNode}	Position:Top	read
{LV.ExternalNode}	Selected	read
{LV.ExternalNode}	Sequence Locals[]	read
{LV.ExternalNode}	Short Count	read
{LV.ExternalNode}	Style	read
{LV.ExternalNode}	Terminals[]	read
{LV.ExternalNode}	Total Bounds Rect	read
{LV.ExternalNode}	Tunnels[]	read
{LV.ExternalNode}	VI Name	read
{LV.ExternalNode}	VI Path	read
{LV.ExternalNode}	Visible Frame	read
{LV.FixedConstant}	Auto-Update From Typedef	read
{LV.FixedConstant}	Bounds	read
{LV.FixedConstant}	Bounds:Area Height	read
{LV.FixedConstant}	Bounds:Area Width	read
{LV.FixedConstant}	Class ID	read
{LV.FixedConstant}	Class Name	read
{LV.FixedConstant}	Description	read
{LV.FixedConstant}	Group Member Refs[]	read
{LV.FixedConstant}	Grouped	read
{LV.FixedConstant}	Is On Block Diagram?	read
{LV.FixedConstant}	Is Typedef?	read
{LV.FixedConstant}	Label	read
{LV.FixedConstant}	Locked	read
{LV.FixedConstant}	Master Bounds Rect	read
{LV.FixedConstant}	Modified	read
{LV.FixedConstant}	Owner (Deprecated)	read
{LV.FixedConstant}	Owning VI	read
{LV.FixedConstant}	Position	read
{LV.FixedConstant}	Position:Left	read
{LV.FixedConstant}	Position:Top	read
{LV.FixedConstant}	Selected	read
{LV.FixedConstant}	Style	read
{LV.FixedConstant}	Terminal	read
{LV.FixedConstant}	Tip Strip	read
{LV.FixedConstant}	Total Bounds Rect	read
{LV.FixedConstant}	Typedef:Path	read
{LV.FixedConstant}	Typedef:VI	read
{LV.FixedConstant}	Value	read
{LV.FlatSequenceFrame}	Class ID	read
{LV.FlatSequenceFrame}	Class Name	read
{LV.FlatSequenceFrame}	Diagram	read
{LV.FlatSequenceFrame}	Frame Size	read
{LV.FlatSequenceFrame}	Is On Block Diagram?	read
{LV.FlatSequenceFrame}	Left Side Inner Tunnels[]	read
{LV.FlatSequenceFrame}	Modified	read
{LV.FlatSequenceFrame}	Outer Tunnels[]	read
{LV.FlatSequenceFrame}	Owner (Deprecated)	read
{LV.FlatSequenceFrame}	Owning VI	read
{LV.FlatSequenceFrame}	Right Side Inner Tunnels[]	read
{LV.FlatSequenceInnerTunnel}	Bounds	read
{LV.FlatSequenceInnerTunnel}	Bounds:Area Height	read
{LV.FlatSequenceInnerTunnel}	Bounds:Area Width	read
{LV.FlatSequenceInnerTunnel}	Class ID	read
{LV.FlatSequenceInnerTunnel}	Class Name	read
{LV.FlatSequenceInnerTunnel}	Group Member Refs[]	read
{LV.FlatSequenceInnerTunnel}	Grouped	read
{LV.FlatSequenceInnerTunnel}	Is On Block Diagram?	read
{LV.FlatSequenceInnerTunnel}	Left Frame	read
{LV.FlatSequenceInnerTunnel}	Left Terminal	read
{LV.FlatSequenceInnerTunnel}	Locked	read
{LV.FlatSequenceInnerTunnel}	Master Bounds Rect	read
{LV.FlatSequenceInnerTunnel}	Modified	read
{LV.FlatSequenceInnerTunnel}	Owner (Deprecated)	read
{LV.FlatSequenceInnerTunnel}	Owning VI	read
{LV.FlatSequenceInnerTunnel}	Position	read
{LV.FlatSequenceInnerTunnel}	Position:Left	read
{LV.FlatSequenceInnerTunnel}	Position:Top	read
{LV.FlatSequenceInnerTunnel}	Right Frame	read
{LV.FlatSequenceInnerTunnel}	Right Terminal	read
{LV.FlatSequenceInnerTunnel}	Selected	read
{LV.FlatSequenceInnerTunnel}	Total Bounds Rect	read
{LV.FlatSequenceOuterTunnel}	Bounds	read
{LV.FlatSequenceOuterTunnel}	Bounds:Area Height	read
{LV.FlatSequenceOuterTunnel}	Bounds:Area Width	read
{LV.FlatSequenceOuterTunnel}	Class ID	read
{LV.FlatSequenceOuterTunnel}	Class Name	read
{LV.FlatSequenceOuterTunnel}	Frame	read
{LV.FlatSequenceOuterTunnel}	Group Member Refs[]	read
{LV.FlatSequenceOuterTunnel}	Grouped	read
{LV.FlatSequenceOuterTunnel}	Inner Terminal	read
{LV.FlatSequenceOuterTunnel}	Is On Block Diagram?	read
{LV.FlatSequenceOuterTunnel}	Locked	read
{LV.FlatSequenceOuterTunnel}	Master Bounds Rect	read
{LV.FlatSequenceOuterTunnel}	Modified	read
{LV.FlatSequenceOuterTunnel}	Outer Terminal	read
{LV.FlatSequenceOuterTunnel}	Owner (Deprecated)	read
{LV.FlatSequenceOuterTunnel}	Owning VI	read
{LV.FlatSequenceOuterTunnel}	Position	read
{LV.FlatSequenceOuterTunnel}	Position:Left	read
{LV.FlatSequenceOuterTunnel}	Position:Top	read
{LV.FlatSequenceOuterTunnel}	Selected	read
{LV.FlatSequenceOuterTunnel}	Total Bounds Rect	read
{LV.FlatSequence}	AutoSize To Fit Contents?	read
{LV.FlatSequence}	Bounds	read
{LV.FlatSequence}	Bounds:Area Height	read
{LV.FlatSequence}	Bounds:Area Width	read
{LV.FlatSequence}	Class ID	read
{LV.FlatSequence}	Class Name	read
{LV.FlatSequence}	Description	read
{LV.FlatSequence}	Frames[]	read
{LV.FlatSequence}	Group Member Refs[]	read
{LV.FlatSequence}	Grouped	read
{LV.FlatSequence}	Is Break Point Set	read
{LV.FlatSequence}	Is On Block Diagram?	read
{LV.FlatSequence}	Label	read
{LV.FlatSequence}	Locked	read
{LV.FlatSequence}	Master Bounds Rect	read
{LV.FlatSequence}	Modified	read
{LV.FlatSequence}	Owner (Deprecated)	read
{LV.FlatSequence}	Owning VI	read
{LV.FlatSequence}	Position	read
{LV.FlatSequence}	Position:Left	read
{LV.FlatSequence}	Position:Top	read
{LV.FlatSequence}	Selected	read
{LV.FlatSequence}	Terminals[]	read
{LV.FlatSequence}	Total Bounds Rect	read
{LV.FlattenUnflattenString}	Bounds	read
{LV.FlattenUnflattenString}	Bounds:Area Height	read
{LV.FlattenUnflattenString}	Bounds:Area Width	read
{LV.FlattenUnflattenString}	Class ID	read
{LV.FlattenUnflattenString}	Class Name	read
{LV.FlattenUnflattenString}	Clump Num	read
{LV.FlattenUnflattenString}	Convert 4.x data?	read
{LV.FlattenUnflattenString}	Description	read
{LV.FlattenUnflattenString}	Fire Count	read
{LV.FlattenUnflattenString}	Group Member Refs[]	read
{LV.FlattenUnflattenString}	Grouped	read
{LV.FlattenUnflattenString}	Has Side Effects?	read
{LV.FlattenUnflattenString}	Icon	read
{LV.FlattenUnflattenString}	Is Asynchronous	read
{LV.FlattenUnflattenString}	Is Break Point Set	read
{LV.FlattenUnflattenString}	Is On Block Diagram?	read
{LV.FlattenUnflattenString}	Label	read
{LV.FlattenUnflattenString}	Locked	read
{LV.FlattenUnflattenString}	Master Bounds Rect	read
{LV.FlattenUnflattenString}	Modified	read
{LV.FlattenUnflattenString}	Owner (Deprecated)	read
{LV.FlattenUnflattenString}	Owning VI	read
{LV.FlattenUnflattenString}	Position	read
{LV.FlattenUnflattenString}	Position:Left	read
{LV.FlattenUnflattenString}	Position:Top	read
{LV.FlattenUnflattenString}	Selected	read
{LV.FlattenUnflattenString}	Short Count	read
{LV.FlattenUnflattenString}	Style	read
{LV.FlattenUnflattenString}	Terminals Visible?	read
{LV.FlattenUnflattenString}	Terminals[]	read
{LV.FlattenUnflattenString}	Total Bounds Rect	read
{LV.ForLoop}	AutoSize To Fit Contents?	read
{LV.ForLoop}	Bounds	read
{LV.ForLoop}	Bounds:Area Height	read
{LV.ForLoop}	Bounds:Area Width	read
{LV.ForLoop}	Class ID	read
{LV.ForLoop}	Class Name	read
{LV.ForLoop}	Clump Num	read
{LV.ForLoop}	Description	read
{LV.ForLoop}	Diagram	read
{LV.ForLoop}	Diagrams[]	read
{LV.ForLoop}	Fire Count	read
{LV.ForLoop}	Frame Size	read
{LV.ForLoop}	Group Member Refs[]	read
{LV.ForLoop}	Grouped	read
{LV.ForLoop}	Icon	read
{LV.ForLoop}	Is Asynchronous	read
{LV.ForLoop}	Is Break Point Set	read
{LV.ForLoop}	Is On Block Diagram?	read
{LV.ForLoop}	Label	read
{LV.ForLoop}	Locked	read
{LV.ForLoop}	Loop Count	read
{LV.ForLoop}	Loop Counter	read
{LV.ForLoop}	Master Bounds Rect	read
{LV.ForLoop}	Modified	read
{LV.ForLoop}	Owner (Deprecated)	read
{LV.ForLoop}	Owning VI	read
{LV.ForLoop}	Position	read
{LV.ForLoop}	Position:Left	read
{LV.ForLoop}	Position:Top	read
{LV.ForLoop}	Selected	read
{LV.ForLoop}	Shift Registers[]	read
{LV.ForLoop}	Short Count	read
{LV.ForLoop}	Style	read
{LV.ForLoop}	Terminals[]	read
{LV.ForLoop}	Total Bounds Rect	read
{LV.ForLoop}	Tunnels[]	read
{LV.FormatScanString}	Bounds	read
{LV.FormatScanString}	Bounds:Area Height	read
{LV.FormatScanString}	Bounds:Area Width	read
{LV.FormatScanString}	Class ID	read
{LV.FormatScanString}	Class Name	read
{LV.FormatScanString}	Clump Num	read
{LV.FormatScanString}	Description	read
{LV.FormatScanString}	Fire Count	read
{LV.FormatScanString}	Format String	read
{LV.FormatScanString}	Group Member Refs[]	read
{LV.FormatScanString}	Grouped	read
{LV.FormatScanString}	Icon	read
{LV.FormatScanString}	Is Asynchronous	read
{LV.FormatScanString}	Is Break Point Set	read
{LV.FormatScanString}	Is On Block Diagram?	read
{LV.FormatScanString}	Label	read
{LV.FormatScanString}	Locked	read
{LV.FormatScanString}	Master Bounds Rect	read
{LV.FormatScanString}	Modified	read
{LV.FormatScanString}	Owner (Deprecated)	read
{LV.FormatScanString}	Owning VI	read
{LV.FormatScanString}	Position	read
{LV.FormatScanString}	Position:Left	read
{LV.FormatScanString}	Position:Top	read
{LV.FormatScanString}	Selected	read
{LV.FormatScanString}	Short Count	read
{LV.FormatScanString}	Style	read
{LV.FormatScanString}	Terminal Height	read
{LV.FormatScanString}	Terminals[]	read
{LV.FormatScanString}	Total Bounds Rect	read
{LV.FormulaParameter}	Bounds	read
{LV.FormulaParameter}	Bounds:Area Height	read
{LV.FormulaParameter}	Bounds:Area Width	read
{LV.FormulaParameter}	Class ID	read
{LV.FormulaParameter}	Class Name	read
{LV.FormulaParameter}	Group Member Refs[]	read
{LV.FormulaParameter}	Grouped	read
{LV.FormulaParameter}	Input?	read
{LV.FormulaParameter}	Is On Block Diagram?	read
{LV.FormulaParameter}	Locked	read
{LV.FormulaParameter}	Master Bounds Rect	read
{LV.FormulaParameter}	Modified	read
{LV.FormulaParameter}	Name	read
{LV.FormulaParameter}	Owner (Deprecated)	read
{LV.FormulaParameter}	Owning VI	read
{LV.FormulaParameter}	Position	read
{LV.FormulaParameter}	Position:Left	read
{LV.FormulaParameter}	Position:Top	read
{LV.FormulaParameter}	Selected	read
{LV.FormulaParameter}	Terminal	read
{LV.FormulaParameter}	Total Bounds Rect	read
{LV.Formula}	Bounds	read
{LV.Formula}	Bounds:Area Height	read
{LV.Formula}	Bounds:Area Width	read
{LV.Formula}	Class ID	read
{LV.Formula}	Class Name	read
{LV.Formula}	Clump Num	read
{LV.Formula}	Description	read
{LV.Formula}	Fire Count	read
{LV.Formula}	Formula Expression	read
{LV.Formula}	Group Member Refs[]	read
{LV.Formula}	Grouped	read
{LV.Formula}	Icon	read
{LV.Formula}	Is Asynchronous	read
{LV.Formula}	Is Break Point Set	read
{LV.Formula}	Is On Block Diagram?	read
{LV.Formula}	Label	read
{LV.Formula}	Locked	read
{LV.Formula}	Master Bounds Rect	read
{LV.Formula}	Modified	read
{LV.Formula}	Owner (Deprecated)	read
{LV.Formula}	Owning VI	read
{LV.Formula}	Position	read
{LV.Formula}	Position:Left	read
{LV.Formula}	Position:Top	read
{LV.Formula}	Scrollbar Visible?	read
{LV.Formula}	Selected	read
{LV.Formula}	Short Count	read
{LV.Formula}	Style	read
{LV.Formula}	Terminals[]	read
{LV.Formula}	Total Bounds Rect	read
{LV.Function}	Bounds	read
{LV.Function}	Bounds:Area Height	read
{LV.Function}	Bounds:Area Width	read
{LV.Function}	Class ID	read
{LV.Function}	Class Name	read
{LV.Function}	Clump Num	read
{LV.Function}	Description	read
{LV.Function}	Fire Count	read
{LV.Function}	Group Member Refs[]	read
{LV.Function}	Grouped	read
{LV.Function}	Has Side Effects?	read
{LV.Function}	Icon	read
{LV.Function}	Is Asynchronous	read
{LV.Function}	Is Break Point Set	read
{LV.Function}	Is On Block Diagram?	read
{LV.Function}	Label	read
{LV.Function}	Locked	read
{LV.Function}	Master Bounds Rect	read
{LV.Function}	Modified	read
{LV.Function}	Owner (Deprecated)	read
{LV.Function}	Owning VI	read
{LV.Function}	Position	read
{LV.Function}	Position:Left	read
{LV.Function}	Position:Top	read
{LV.Function}	Selected	read
{LV.Function}	Short Count	read
{LV.Function}	Style	read
{LV.Function}	Terminals Visible?	read
{LV.Function}	Terminals[]	read
{LV.Function}	Total Bounds Rect	read
{LV.GObject}	Bounds	read
{LV.GObject}	Bounds:Area Height	read
{LV.GObject}	Bounds:Area Width	read
{LV.GObject}	Class ID	read
{LV.GObject}	Class Name	read
{LV.GObject}	Group Member Refs[]	read
{LV.GObject}	Grouped	read
{LV.GObject}	Is On Block Diagram?	read
{LV.GObject}	Locked	read
{LV.GObject}	Master Bounds Rect	read
{LV.GObject}	Modified	read
{LV.GObject}	Owner (Deprecated)	read
{LV.GObject}	Owning VI	read
{LV.GObject}	Position	read
{LV.GObject}	Position:Left	read
{LV.GObject}	Position:Top	read
{LV.GObject}	Selected	read
{LV.GObject}	Total Bounds Rect	read
{LV.GPIBReadWrite}	Bounds	read
{LV.GPIBReadWrite}	Bounds:Area Height	read
{LV.GPIBReadWrite}	Bounds:Area Width	read
{LV.GPIBReadWrite}	Class ID	read
{LV.GPIBReadWrite}	Class Name	read
{LV.GPIBReadWrite}	Clump Num	read
{LV.GPIBReadWrite}	Description	read
{LV.GPIBReadWrite}	Fire Count	read
{LV.GPIBReadWrite}	Group Member Refs[]	read
{LV.GPIBReadWrite}	Grouped	read
{LV.GPIBReadWrite}	Has Side Effects?	read
{LV.GPIBReadWrite}	Icon	read
{LV.GPIBReadWrite}	Is Asynchronous	read
{LV.GPIBReadWrite}	Is Break Point Set	read
{LV.GPIBReadWrite}	Is On Block Diagram?	read
{LV.GPIBReadWrite}	Label	read
{LV.GPIBReadWrite}	Locked	read
{LV.GPIBReadWrite}	Master Bounds Rect	read
{LV.GPIBReadWrite}	Modified	read
{LV.GPIBReadWrite}	Owner (Deprecated)	read
{LV.GPIBReadWrite}	Owning VI	read
{LV.GPIBReadWrite}	Position	read
{LV.GPIBReadWrite}	Position:Left	read
{LV.GPIBReadWrite}	Position:Top	read
{LV.GPIBReadWrite}	Selected	read
{LV.GPIBReadWrite}	Short Count	read
{LV.GPIBReadWrite}	Style	read
{LV.GPIBReadWrite}	Synchronous I/O?	read
{LV.GPIBReadWrite}	Terminals Visible?	read
{LV.GPIBReadWrite}	Terminals[]	read
{LV.GPIBReadWrite}	Total Bounds Rect	read
{LV.Generic}	Class ID	read
{LV.Generic}	Class Name	read
{LV.Generic}	Is On Block Diagram?	read
{LV.Generic}	Modified	read
{LV.Generic}	Owner (Deprecated)	read
{LV.Generic}	Owning VI	read
{LV.Global}	Bounds	read
{LV.Global}	Bounds:Area Height	read
{LV.Global}	Bounds:Area Width	read
{LV.Global}	Class ID	read
{LV.Global}	Class Name	read
{LV.Global}	Clump Num	read
{LV.Global}	Control Name	read
{LV.Global}	Description	read
{LV.Global}	Fire Count	read
{LV.Global}	Group Member Refs[]	read
{LV.Global}	Grouped	read
{LV.Global}	Icon	read
{LV.Global}	Is Asynchronous	read
{LV.Global}	Is Break Point Set	read
{LV.Global}	Is On Block Diagram?	read
{LV.Global}	Label	read
{LV.Global}	Locked	read
{LV.Global}	Master Bounds Rect	read
{LV.Global}	Modified	read
{LV.Global}	Owner (Deprecated)	read
{LV.Global}	Owning VI	read
{LV.Global}	Position	read
{LV.Global}	Position:Left	read
{LV.Global}	Position:Top	read
{LV.Global}	Selected	read
{LV.Global}	Short Count	read
{LV.Global}	Style	read
{LV.Global}	Terminals[]	read
{LV.Global}	Total Bounds Rect	read
{LV.Global}	VI Name	read
{LV.Global}	Write?	read
{LV.GraphChart}	Active X Scale	read
{LV.GraphChart}	Active Y Scale	read
{LV.GraphChart}	Auto-Update From Typedef	read
{LV.GraphChart}	Bit Accurate Data Size	read
{LV.GraphChart}	Blinking	read
{LV.GraphChart}	Bounds	read
{LV.GraphChart}	Bounds:Area Height	read
{LV.GraphChart}	Bounds:Area Width	read
{LV.GraphChart}	Caption	read
{LV.GraphChart}	Class ID	read
{LV.GraphChart}	Class Name	read
{LV.GraphChart}	Control Reference Nodes[]	read
{LV.GraphChart}	DataSocket:Enabled	read
{LV.GraphChart}	DataSocket:LED Visible	read
{LV.GraphChart}	DataSocket:Mode	read
{LV.GraphChart}	DataSocket:Status	read
{LV.GraphChart}	DataSocket:URL	read
{LV.GraphChart}	Default Value	read
{LV.GraphChart}	Description	read
{LV.GraphChart}	Disabled	read
{LV.GraphChart}	Focus Key Binding	read
{LV.GraphChart}	Graph Flavor	read
{LV.GraphChart}	Grid Colors	read
{LV.GraphChart}	Grid Colors:X Color	read
{LV.GraphChart}	Grid Colors:Y Color	read
{LV.GraphChart}	Group Member Refs[]	read
{LV.GraphChart}	Grouped	read
{LV.GraphChart}	Has Caption	read
{LV.GraphChart}	Indicator	read
{LV.GraphChart}	Invoke Nodes[]	read
{LV.GraphChart}	Is On Block Diagram?	read
{LV.GraphChart}	Is On Connector Pane	read
{LV.GraphChart}	Is Typedef?	read
{LV.GraphChart}	Key Focus	read
{LV.GraphChart}	Label	read
{LV.GraphChart}	Latch Value	read
{LV.GraphChart}	Local Variables[]	read
{LV.GraphChart}	Locked	read
{LV.GraphChart}	Master Bounds Rect	read
{LV.GraphChart}	Modified	read
{LV.GraphChart}	Owner (Deprecated)	read
{LV.GraphChart}	Owning VI	read
{LV.GraphChart}	Palette:Active Tool	read
{LV.GraphChart}	Palette:Visible	read
{LV.GraphChart}	Plot Area Bounds	read
{LV.GraphChart}	Plot Area:Colors	read
{LV.GraphChart}	Plot Area:Colors:BG Color	read
{LV.GraphChart}	Plot Area:Colors:FG Color	read
{LV.GraphChart}	Plot Area:Position	read
{LV.GraphChart}	Plot Area:Position:Left	read
{LV.GraphChart}	Plot Area:Position:Top	read
{LV.GraphChart}	Plot Area:Size	read
{LV.GraphChart}	Position	read
{LV.GraphChart}	Position:Left	read
{LV.GraphChart}	Position:Top	read
{LV.GraphChart}	Property Nodes[]	read
{LV.GraphChart}	Scale Legend:Visible	read
{LV.GraphChart}	Selected	read
{LV.GraphChart}	Skip When Tabbing	read
{LV.GraphChart}	Synchronous Display	read
{LV.GraphChart}	Terminal	read
{LV.GraphChart}	Tip Strip	read
{LV.GraphChart}	Total Bounds Rect	read
{LV.GraphChart}	Transpose Array	read
{LV.GraphChart}	Type Descriptor	read
{LV.GraphChart}	Typedef:Path	read
{LV.GraphChart}	Typedef:VI	read
{LV.GraphChart}	Value	read
{LV.GraphChart}	Value (Signaling)	write
{LV.GraphChart}	Visible	read
{LV.GraphChart}	Wizard Data	read
{LV.GraphChart}	X Scale	read
{LV.GraphChart}	X Scrollbar Visible	read
{LV.GraphChart}	Y Scale	read
{LV.GraphScale}	Bounds	read
{LV.GraphScale}	Bounds:Area Height	read
{LV.GraphScale}	Bounds:Area Width	read
{LV.GraphScale}	Class ID	read
{LV.GraphScale}	Class Name	read
{LV.GraphScale}	Display Format	read
{LV.GraphScale}	Display Format:Format	read
{LV.GraphScale}	Display Format:Precision	read
{LV.GraphScale}	Editable	read
{LV.GraphScale}	Expand Digital Buses	read
{LV.GraphScale}	Flipped	read
{LV.GraphScale}	Format String	read
{LV.GraphScale}	Grid Colors	read
{LV.GraphScale}	Grid Colors:Major Color	read
{LV.GraphScale}	Grid Colors:Minor Color	read
{LV.GraphScale}	Group Member Refs[]	read
{LV.GraphScale}	Grouped	read
{LV.GraphScale}	Is On Block Diagram?	read
{LV.GraphScale}	Locked	read
{LV.GraphScale}	Loose Fit	read
{LV.GraphScale}	Mapping Mode	read
{LV.GraphScale}	Marker	read
{LV.GraphScale}	Marker Colors	read
{LV.GraphScale}	Marker Colors:BG Color	read
{LV.GraphScale}	Marker Colors:Text Color	read
{LV.GraphScale}	Marker Values[]	read
{LV.GraphScale}	Master Bounds Rect	read
{LV.GraphScale}	Modified	read
{LV.GraphScale}	Name Label	read
{LV.GraphScale}	Offset and Multiplier	read
{LV.GraphScale}	Offset and Multiplier:Multiplier	read
{LV.GraphScale}	Offset and Multiplier:Offset	read
{LV.GraphScale}	Owner (Deprecated)	read
{LV.GraphScale}	Owning VI	read
{LV.GraphScale}	Position	read
{LV.GraphScale}	Position:Left	read
{LV.GraphScale}	Position:Top	read
{LV.GraphScale}	Range	read
{LV.GraphScale}	Range:Increment	read
{LV.GraphScale}	Range:Maximum	read
{LV.GraphScale}	Range:Minimum	read
{LV.GraphScale}	Range:Minor Increment	read
{LV.GraphScale}	Range:Start	read
{LV.GraphScale}	Scale Fit	read
{LV.GraphScale}	Selected	read
{LV.GraphScale}	Style	read
{LV.GraphScale}	Tick Colors:Minor Tick Color	read
{LV.GraphScale}	Tick Colors:Tick Color	read
{LV.GraphScale}	Total Bounds Rect	read
{LV.GraphScale}	Uniform Marker Spacing?	read
{LV.GraphScale}	Unit Label	read
{LV.GraphScale}	Visible	read
{LV.GrowableFunction}	Bounds	read
{LV.GrowableFunction}	Bounds:Area Height	read
{LV.GrowableFunction}	Bounds:Area Width	read
{LV.GrowableFunction}	Class ID	read
{LV.GrowableFunction}	Class Name	read
{LV.GrowableFunction}	Clump Num	read
{LV.GrowableFunction}	Description	read
{LV.GrowableFunction}	Fire Count	read
{LV.GrowableFunction}	Group Member Refs[]	read
{LV.GrowableFunction}	Grouped	read
{LV.GrowableFunction}	Icon	read
{LV.GrowableFunction}	Is Asynchronous	read
{LV.GrowableFunction}	Is Break Point Set	read
{LV.GrowableFunction}	Is On Block Diagram?	read
{LV.GrowableFunction}	Label	read
{LV.GrowableFunction}	Locked	read
{LV.GrowableFunction}	Master Bounds Rect	read
{LV.GrowableFunction}	Modified	read
{LV.GrowableFunction}	Owner (Deprecated)	read
{LV.GrowableFunction}	Owning VI	read
{LV.GrowableFunction}	Position	read
{LV.GrowableFunction}	Position:Left	read
{LV.GrowableFunction}	Position:Top	read
{LV.GrowableFunction}	Selected	read
{LV.GrowableFunction}	Short Count	read
{LV.GrowableFunction}	Style	read
{LV.GrowableFunction}	Terminal Height	read
{LV.GrowableFunction}	Terminals[]	read
{LV.GrowableFunction}	Total Bounds Rect	read
{LV.IONameConstant}	AllowCreateNew	read
{LV.IONameConstant}	AllowMultiple	read
{LV.IONameConstant}	AllowUndefined	read
{LV.IONameConstant}	Auto-Update From Typedef	read
{LV.IONameConstant}	Bounds	read
{LV.IONameConstant}	Bounds:Area Height	read
{LV.IONameConstant}	Bounds:Area Width	read
{LV.IONameConstant}	Class ID	read
{LV.IONameConstant}	Class Name	read
{LV.IONameConstant}	Description	read
{LV.IONameConstant}	Device String	read
{LV.IONameConstant}	DisplayFilter	read
{LV.IONameConstant}	DropDownList[]	read
{LV.IONameConstant}	FilterOnDevice	read
{LV.IONameConstant}	FilterOnSubTypeClass	read
{LV.IONameConstant}	FilterOnTypeClass	read
{LV.IONameConstant}	Group Member Refs[]	read
{LV.IONameConstant}	Grouped	read
{LV.IONameConstant}	IncludeInvalid	read
{LV.IONameConstant}	Is On Block Diagram?	read
{LV.IONameConstant}	Is Typedef?	read
{LV.IONameConstant}	Label	read
{LV.IONameConstant}	Locked	read
{LV.IONameConstant}	Master Bounds Rect	read
{LV.IONameConstant}	Modified	read
{LV.IONameConstant}	Owner (Deprecated)	read
{LV.IONameConstant}	Owning VI	read
{LV.IONameConstant}	Position	read
{LV.IONameConstant}	Position:Left	read
{LV.IONameConstant}	Position:Top	read
{LV.IONameConstant}	Selected	read
{LV.IONameConstant}	SubTypeClass	read
{LV.IONameConstant}	TagList[]	read
{LV.IONameConstant}	TagType	read
{LV.IONameConstant}	Terminal	read
{LV.IONameConstant}	Tip Strip	read
{LV.IONameConstant}	Total Bounds Rect	read
{LV.IONameConstant}	TypeClass	read
{LV.IONameConstant}	Typedef:Path	read
{LV.IONameConstant}	Typedef:VI	read
{LV.IONameConstant}	UpdatedTagList[]	read
{LV.IONameConstant}	Value	read
{LV.IOName}	AllowCreateNew	read
{LV.IOName}	AllowMultiple	read
{LV.IOName}	AllowUndefined	read
{LV.IOName}	Auto-Update From Typedef	read
{LV.IOName}	Bit Accurate Data Size	read
{LV.IOName}	Blinking	read
{LV.IOName}	Bounds	read
{LV.IOName}	Bounds:Area Height	read
{LV.IOName}	Bounds:Area Width	read
{LV.IOName}	Caption	read
{LV.IOName}	Class ID	read
{LV.IOName}	Class Name	read
{LV.IOName}	Control Reference Nodes[]	read
{LV.IOName}	DataSocket:Enabled	read
{LV.IOName}	DataSocket:LED Visible	read
{LV.IOName}	DataSocket:Mode	read
{LV.IOName}	DataSocket:Status	read
{LV.IOName}	DataSocket:URL	read
{LV.IOName}	Default Value	read
{LV.IOName}	Description	read
{LV.IOName}	Device String	read
{LV.IOName}	Disabled	read
{LV.IOName}	DisplayFilter	read
{LV.IOName}	DropDownList[]	read
{LV.IOName}	FilterOnDevice	read
{LV.IOName}	FilterOnSubTypeClass	read
{LV.IOName}	FilterOnTypeClass	read
{LV.IOName}	Focus Key Binding	read
{LV.IOName}	Group Member Refs[]	read
{LV.IOName}	Grouped	read
{LV.IOName}	Has Caption	read
{LV.IOName}	IncludeInvalid	read
{LV.IOName}	Indicator	read
{LV.IOName}	Invoke Nodes[]	read
{LV.IOName}	Is On Block Diagram?	read
{LV.IOName}	Is On Connector Pane	read
{LV.IOName}	Is Typedef?	read
{LV.IOName}	Key Focus	read
{LV.IOName}	Label	read
{LV.IOName}	Latch Value	read
{LV.IOName}	Local Variables[]	read
{LV.IOName}	Locked	read
{LV.IOName}	Master Bounds Rect	read
{LV.IOName}	Modified	read
{LV.IOName}	Owner (Deprecated)	read
{LV.IOName}	Owning VI	read
{LV.IOName}	Position	read
{LV.IOName}	Position:Left	read
{LV.IOName}	Position:Top	read
{LV.IOName}	Property Nodes[]	read
{LV.IOName}	Selected	read
{LV.IOName}	Size	read
{LV.IOName}	Skip When Tabbing	read
{LV.IOName}	SubTypeClass	read
{LV.IOName}	Synchronous Display	read
{LV.IOName}	TagList[]	read
{LV.IOName}	TagType	read
{LV.IOName}	Terminal	read
{LV.IOName}	Text	read
{LV.IOName}	Tip Strip	read
{LV.IOName}	Total Bounds Rect	read
{LV.IOName}	Type Descriptor	read
{LV.IOName}	TypeClass	read
{LV.IOName}	Typedef:Path	read
{LV.IOName}	Typedef:VI	read
{LV.IOName}	UpdatedTagList[]	read
{LV.IOName}	Value	read
{LV.IOName}	Value (Signaling)	write
{LV.IOName}	Visible	read
{LV.IOName}	Wizard Data	read
{LV.IVILogicalNameConstant}	AllowCreateNew	read
{LV.IVILogicalNameConstant}	AllowMultiple	read
{LV.IVILogicalNameConstant}	AllowUndefined	read
{LV.IVILogicalNameConstant}	Auto-Update From Typedef	read
{LV.IVILogicalNameConstant}	Bounds	read
{LV.IVILogicalNameConstant}	Bounds:Area Height	read
{LV.IVILogicalNameConstant}	Bounds:Area Width	read
{LV.IVILogicalNameConstant}	Class ID	read
{LV.IVILogicalNameConstant}	Class Name	read
{LV.IVILogicalNameConstant}	Description	read
{LV.IVILogicalNameConstant}	Device String	read
{LV.IVILogicalNameConstant}	DisplayFilter	read
{LV.IVILogicalNameConstant}	DropDownList[]	read
{LV.IVILogicalNameConstant}	FilterOnDevice	read
{LV.IVILogicalNameConstant}	FilterOnSubTypeClass	read
{LV.IVILogicalNameConstant}	FilterOnTypeClass	read
{LV.IVILogicalNameConstant}	Group Member Refs[]	read
{LV.IVILogicalNameConstant}	Grouped	read
{LV.IVILogicalNameConstant}	IncludeInvalid	read
{LV.IVILogicalNameConstant}	Is On Block Diagram?	read
{LV.IVILogicalNameConstant}	Is Typedef?	read
{LV.IVILogicalNameConstant}	Label	read
{LV.IVILogicalNameConstant}	Locked	read
{LV.IVILogicalNameConstant}	Master Bounds Rect	read
{LV.IVILogicalNameConstant}	Modified	read
{LV.IVILogicalNameConstant}	Owner (Deprecated)	read
{LV.IVILogicalNameConstant}	Owning VI	read
{LV.IVILogicalNameConstant}	Position	read
{LV.IVILogicalNameConstant}	Position:Left	read
{LV.IVILogicalNameConstant}	Position:Top	read
{LV.IVILogicalNameConstant}	Selected	read
{LV.IVILogicalNameConstant}	SubTypeClass	read
{LV.IVILogicalNameConstant}	TagList[]	read
{LV.IVILogicalNameConstant}	TagType	read
{LV.IVILogicalNameConstant}	Terminal	read
{LV.IVILogicalNameConstant}	Tip Strip	read
{LV.IVILogicalNameConstant}	Total Bounds Rect	read
{LV.IVILogicalNameConstant}	TypeClass	read
{LV.IVILogicalNameConstant}	Typedef:Path	read
{LV.IVILogicalNameConstant}	Typedef:VI	read
{LV.IVILogicalNameConstant}	UpdatedTagList[]	read
{LV.IVILogicalNameConstant}	Value	read
{LV.IVILogicalName}	Allow Undefined Names	read
{LV.IVILogicalName}	AllowCreateNew	read
{LV.IVILogicalName}	AllowMultiple	read
{LV.IVILogicalName}	AllowUndefined	read
{LV.IVILogicalName}	Auto-Update From Typedef	read
{LV.IVILogicalName}	Bit Accurate Data Size	read
{LV.IVILogicalName}	Blinking	read
{LV.IVILogicalName}	Bounds	read
{LV.IVILogicalName}	Bounds:Area Height	read
{LV.IVILogicalName}	Bounds:Area Width	read
{LV.IVILogicalName}	Caption	read
{LV.IVILogicalName}	Class ID	read
{LV.IVILogicalName}	Class Name	read
{LV.IVILogicalName}	Control Reference Nodes[]	read
{LV.IVILogicalName}	DataSocket:Enabled	read
{LV.IVILogicalName}	DataSocket:LED Visible	read
{LV.IVILogicalName}	DataSocket:Mode	read
{LV.IVILogicalName}	DataSocket:Status	read
{LV.IVILogicalName}	DataSocket:URL	read
{LV.IVILogicalName}	Default Value	read
{LV.IVILogicalName}	Description	read
{LV.IVILogicalName}	Device String	read
{LV.IVILogicalName}	Disabled	read
{LV.IVILogicalName}	DisplayFilter	read
{LV.IVILogicalName}	DropDownList[]	read
{LV.IVILogicalName}	FilterOnDevice	read
{LV.IVILogicalName}	FilterOnSubTypeClass	read
{LV.IVILogicalName}	FilterOnTypeClass	read
{LV.IVILogicalName}	Focus Key Binding	read
{LV.IVILogicalName}	Group Member Refs[]	read
{LV.IVILogicalName}	Grouped	read
{LV.IVILogicalName}	Has Caption	read
{LV.IVILogicalName}	IncludeInvalid	read
{LV.IVILogicalName}	Indicator	read
{LV.IVILogicalName}	Invoke Nodes[]	read
{LV.IVILogicalName}	Is On Block Diagram?	read
{LV.IVILogicalName}	Is On Connector Pane	read
{LV.IVILogicalName}	Is Typedef?	read
{LV.IVILogicalName}	Key Focus	read
{LV.IVILogicalName}	Label	read
{LV.IVILogicalName}	Latch Value	read
{LV.IVILogicalName}	Local Variables[]	read
{LV.IVILogicalName}	Locked	read
{LV.IVILogicalName}	Master Bounds Rect	read
{LV.IVILogicalName}	Modified	read
{LV.IVILogicalName}	Owner (Deprecated)	read
{LV.IVILogicalName}	Owning VI	read
{LV.IVILogicalName}	Position	read
{LV.IVILogicalName}	Position:Left	read
{LV.IVILogicalName}	Position:Top	read
{LV.IVILogicalName}	Property Nodes[]	read
{LV.IVILogicalName}	Selected	read
{LV.IVILogicalName}	Size	read
{LV.IVILogicalName}	Skip When Tabbing	read
{LV.IVILogicalName}	SubTypeClass	read
{LV.IVILogicalName}	Synchronous Display	read
{LV.IVILogicalName}	TagList[]	read
{LV.IVILogicalName}	TagType	read
{LV.IVILogicalName}	Terminal	read
{LV.IVILogicalName}	Text	read
{LV.IVILogicalName}	Tip Strip	read
{LV.IVILogicalName}	Total Bounds Rect	read
{LV.IVILogicalName}	Type Descriptor	read
{LV.IVILogicalName}	TypeClass	read
{LV.IVILogicalName}	Typedef:Path	read
{LV.IVILogicalName}	Typedef:VI	read
{LV.IVILogicalName}	UpdatedTagList[]	read
{LV.IVILogicalName}	Value	read
{LV.IVILogicalName}	Value (Signaling)	write
{LV.IVILogicalName}	Visible	read
{LV.IVILogicalName}	Wizard Data	read
{LV.IndexArray}	Bounds	read
{LV.IndexArray}	Bounds:Area Height	read
{LV.IndexArray}	Bounds:Area Width	read
{LV.IndexArray}	Class ID	read
{LV.IndexArray}	Class Name	read
{LV.IndexArray}	Clump Num	read
{LV.IndexArray}	Description	read
{LV.IndexArray}	Fire Count	read
{LV.IndexArray}	Group Member Refs[]	read
{LV.IndexArray}	Grouped	read
{LV.IndexArray}	Icon	read
{LV.IndexArray}	Is Asynchronous	read
{LV.IndexArray}	Is Break Point Set	read
{LV.IndexArray}	Is On Block Diagram?	read
{LV.IndexArray}	Label	read
{LV.IndexArray}	Locked	read
{LV.IndexArray}	Master Bounds Rect	read
{LV.IndexArray}	Modified	read
{LV.IndexArray}	Owner (Deprecated)	read
{LV.IndexArray}	Owning VI	read
{LV.IndexArray}	Position	read
{LV.IndexArray}	Position:Left	read
{LV.IndexArray}	Position:Top	read
{LV.IndexArray}	Selected	read
{LV.IndexArray}	Short Count	read
{LV.IndexArray}	Style	read
{LV.IndexArray}	Terminal Height	read
{LV.IndexArray}	Terminals[]	read
{LV.IndexArray}	Total Bounds Rect	read
{LV.InnerTerminal}	Bounds	read
{LV.InnerTerminal}	Bounds:Area Height	read
{LV.InnerTerminal}	Bounds:Area Width	read
{LV.InnerTerminal}	Caption	read
{LV.InnerTerminal}	Class ID	read
{LV.InnerTerminal}	Class Name	read
{LV.InnerTerminal}	Coercion Dot?	read
{LV.InnerTerminal}	Connected Wire	read
{LV.InnerTerminal}	Diagram	read
{LV.InnerTerminal}	Group Member Refs[]	read
{LV.InnerTerminal}	Grouped	read
{LV.InnerTerminal}	Is On Block Diagram?	read
{LV.InnerTerminal}	Is Source?	read
{LV.InnerTerminal}	Locked	read
{LV.InnerTerminal}	Master Bounds Rect	read
{LV.InnerTerminal}	Modified	read
{LV.InnerTerminal}	Name	read
{LV.InnerTerminal}	Owner (Deprecated)	read
{LV.InnerTerminal}	Owning VI	read
{LV.InnerTerminal}	Position	read
{LV.InnerTerminal}	Position:Left	read
{LV.InnerTerminal}	Position:Top	read
{LV.InnerTerminal}	Selected	read
{LV.InnerTerminal}	Total Bounds Rect	read
{LV.InnerTerminal}	Tunnel	read
{LV.InnerTerminal}	Type Descriptor	read
{LV.IntensityChart}	Active X Scale	read
{LV.IntensityChart}	Active Y Scale	read
{LV.IntensityChart}	Auto-Update From Typedef	read
{LV.IntensityChart}	Bit Accurate Data Size	read
{LV.IntensityChart}	Blinking	read
{LV.IntensityChart}	Bounds	read
{LV.IntensityChart}	Bounds:Area Height	read
{LV.IntensityChart}	Bounds:Area Width	read
{LV.IntensityChart}	Caption	read
{LV.IntensityChart}	Class ID	read
{LV.IntensityChart}	Class Name	read
{LV.IntensityChart}	Color Table	read
{LV.IntensityChart}	Control Reference Nodes[]	read
{LV.IntensityChart}	DataSocket:Enabled	read
{LV.IntensityChart}	DataSocket:LED Visible	read
{LV.IntensityChart}	DataSocket:Mode	read
{LV.IntensityChart}	DataSocket:Status	read
{LV.IntensityChart}	DataSocket:URL	read
{LV.IntensityChart}	Default Value	read
{LV.IntensityChart}	Description	read
{LV.IntensityChart}	Disabled	read
{LV.IntensityChart}	Focus Key Binding	read
{LV.IntensityChart}	Graph Flavor	read
{LV.IntensityChart}	Grid Colors	read
{LV.IntensityChart}	Grid Colors:X Color	read
{LV.IntensityChart}	Grid Colors:Y Color	read
{LV.IntensityChart}	Group Member Refs[]	read
{LV.IntensityChart}	Grouped	read
{LV.IntensityChart}	Has Caption	read
{LV.IntensityChart}	Ignore Array	read
{LV.IntensityChart}	Indicator	read
{LV.IntensityChart}	Invoke Nodes[]	read
{LV.IntensityChart}	Is On Block Diagram?	read
{LV.IntensityChart}	Is On Connector Pane	read
{LV.IntensityChart}	Is Typedef?	read
{LV.IntensityChart}	Key Focus	read
{LV.IntensityChart}	Label	read
{LV.IntensityChart}	Latch Value	read
{LV.IntensityChart}	Local Variables[]	read
{LV.IntensityChart}	Locked	read
{LV.IntensityChart}	Master Bounds Rect	read
{LV.IntensityChart}	Modified	read
{LV.IntensityChart}	Owner (Deprecated)	read
{LV.IntensityChart}	Owning VI	read
{LV.IntensityChart}	Palette:Active Tool	read
{LV.IntensityChart}	Palette:Visible	read
{LV.IntensityChart}	Plot Area Bounds	read
{LV.IntensityChart}	Plot Area:Colors	read
{LV.IntensityChart}	Plot Area:Colors:BG Color	read
{LV.IntensityChart}	Plot Area:Colors:FG Color	read
{LV.IntensityChart}	Plot Area:Position	read
{LV.IntensityChart}	Plot Area:Position:Left	read
{LV.IntensityChart}	Plot Area:Position:Top	read
{LV.IntensityChart}	Plot Area:Size	read
{LV.IntensityChart}	Position	read
{LV.IntensityChart}	Position:Left	read
{LV.IntensityChart}	Position:Top	read
{LV.IntensityChart}	Property Nodes[]	read
{LV.IntensityChart}	Scale Legend:Visible	read
{LV.IntensityChart}	Selected	read
{LV.IntensityChart}	Skip When Tabbing	read
{LV.IntensityChart}	Synchronous Display	read
{LV.IntensityChart}	Terminal	read
{LV.IntensityChart}	Tip Strip	read
{LV.IntensityChart}	Total Bounds Rect	read
{LV.IntensityChart}	Transpose Array	read
{LV.IntensityChart}	Type Descriptor	read
{LV.IntensityChart}	Typedef:Path	read
{LV.IntensityChart}	Typedef:VI	read
{LV.IntensityChart}	Update Mode	read
{LV.IntensityChart}	Value	read
{LV.IntensityChart}	Value (Signaling)	write
{LV.IntensityChart}	Visible	read
{LV.IntensityChart}	Wizard Data	read
{LV.IntensityChart}	X Scale	read
{LV.IntensityChart}	X Scrollbar Visible	read
{LV.IntensityChart}	Y Scale	read
{LV.IntensityChart}	Z Scale	read
{LV.IntensityGraph}	Active Cursor	read
{LV.IntensityGraph}	Active X Scale	read
{LV.IntensityGraph}	Active Y Scale	read
{LV.IntensityGraph}	Auto-Update From Typedef	read
{LV.IntensityGraph}	Bit Accurate Data Size	read
{LV.IntensityGraph}	Blinking	read
{LV.IntensityGraph}	Bounds	read
{LV.IntensityGraph}	Bounds:Area Height	read
{LV.IntensityGraph}	Bounds:Area Width	read
{LV.IntensityGraph}	Caption	read
{LV.IntensityGraph}	Class ID	read
{LV.IntensityGraph}	Class Name	read
{LV.IntensityGraph}	Color Table	read
{LV.IntensityGraph}	Control Reference Nodes[]	read
{LV.IntensityGraph}	Cursor	read
{LV.IntensityGraph}	Cursor Legend Visible	read
{LV.IntensityGraph}	DataSocket:Enabled	read
{LV.IntensityGraph}	DataSocket:LED Visible	read
{LV.IntensityGraph}	DataSocket:Mode	read
{LV.IntensityGraph}	DataSocket:Status	read
{LV.IntensityGraph}	DataSocket:URL	read
{LV.IntensityGraph}	Default Value	read
{LV.IntensityGraph}	Description	read
{LV.IntensityGraph}	Disabled	read
{LV.IntensityGraph}	Focus Key Binding	read
{LV.IntensityGraph}	Graph Flavor	read
{LV.IntensityGraph}	Grid Colors	read
{LV.IntensityGraph}	Grid Colors:X Color	read
{LV.IntensityGraph}	Grid Colors:Y Color	read
{LV.IntensityGraph}	Group Member Refs[]	read
{LV.IntensityGraph}	Grouped	read
{LV.IntensityGraph}	Has Caption	read
{LV.IntensityGraph}	Ignore Array	read
{LV.IntensityGraph}	Indicator	read
{LV.IntensityGraph}	Invoke Nodes[]	read
{LV.IntensityGraph}	Is On Block Diagram?	read
{LV.IntensityGraph}	Is On Connector Pane	read
{LV.IntensityGraph}	Is Typedef?	read
{LV.IntensityGraph}	Key Focus	read
{LV.IntensityGraph}	Label	read
{LV.IntensityGraph}	Latch Value	read
{LV.IntensityGraph}	Local Variables[]	read
{LV.IntensityGraph}	Locked	read
{LV.IntensityGraph}	Master Bounds Rect	read
{LV.IntensityGraph}	Modified	read
{LV.IntensityGraph}	Old Cursor List	read
{LV.IntensityGraph}	Owner (Deprecated)	read
{LV.IntensityGraph}	Owning VI	read
{LV.IntensityGraph}	Palette:Active Tool	read
{LV.IntensityGraph}	Palette:Visible	read
{LV.IntensityGraph}	Plot Area Bounds	read
{LV.IntensityGraph}	Plot Area:Colors	read
{LV.IntensityGraph}	Plot Area:Colors:BG Color	read
{LV.IntensityGraph}	Plot Area:Colors:FG Color	read
{LV.IntensityGraph}	Plot Area:Position	read
{LV.IntensityGraph}	Plot Area:Position:Left	read
{LV.IntensityGraph}	Plot Area:Position:Top	read
{LV.IntensityGraph}	Plot Area:Size	read
{LV.IntensityGraph}	Position	read
{LV.IntensityGraph}	Position:Left	read
{LV.IntensityGraph}	Position:Top	read
{LV.IntensityGraph}	Property Nodes[]	read
{LV.IntensityGraph}	Scale Legend:Visible	read
{LV.IntensityGraph}	Selected	read
{LV.IntensityGraph}	Selected Cursors	read
{LV.IntensityGraph}	Skip When Tabbing	read
{LV.IntensityGraph}	Smooth Update	read
{LV.IntensityGraph}	Synchronous Display	read
{LV.IntensityGraph}	Terminal	read
{LV.IntensityGraph}	Tip Strip	read
{LV.IntensityGraph}	Total Bounds Rect	read
{LV.IntensityGraph}	Transpose Array	read
{LV.IntensityGraph}	Type Descriptor	read
{LV.IntensityGraph}	Typedef:Path	read
{LV.IntensityGraph}	Typedef:VI	read
{LV.IntensityGraph}	Value	read
{LV.IntensityGraph}	Value (Signaling)	write
{LV.IntensityGraph}	Visible	read
{LV.IntensityGraph}	Wizard Data	read
{LV.IntensityGraph}	X Scale	read
{LV.IntensityGraph}	X Scrollbar Visible	read
{LV.IntensityGraph}	Y Scale	read
{LV.IntensityGraph}	Z Scale	read
{LV.Invoke}	All Supported Methods (Deprecated)	read
{LV.Invoke}	Bounds	read
{LV.Invoke}	Bounds:Area Height	read
{LV.Invoke}	Bounds:Area Width	read
{LV.Invoke}	Class	read
{LV.Invoke}	Class ID	read
{LV.Invoke}	Class Name	read
{LV.Invoke}	Clump Num	read
{LV.Invoke}	Description	read
{LV.Invoke}	Fire Count	read
{LV.Invoke}	Group Member Refs[]	read
{LV.Invoke}	Grouped	read
{LV.Invoke}	Icon	read
{LV.Invoke}	Is Asynchronous	read
{LV.Invoke}	Is Break Point Set	read
{LV.Invoke}	Is On Block Diagram?	read
{LV.Invoke}	Label	read
{LV.Invoke}	Locked	read
{LV.Invoke}	Master Bounds Rect	read
{LV.Invoke}	Method (Deprecated)	read
{LV.Invoke}	Modified	read
{LV.Invoke}	Name Format	read
{LV.Invoke}	Owner (Deprecated)	read
{LV.Invoke}	Owning VI	read
{LV.Invoke}	Position	read
{LV.Invoke}	Position:Left	read
{LV.Invoke}	Position:Top	read
{LV.Invoke}	Selected	read
{LV.Invoke}	Short Count	read
{LV.Invoke}	Style	read
{LV.Invoke}	Terminal Height	read
{LV.Invoke}	Terminals[]	read
{LV.Invoke}	Total Bounds Rect	read
{LV.Knob}	Active Slider	read
{LV.Knob}	Auto-Update From Typedef	read
{LV.Knob}	Bit Accurate Data Size	read
{LV.Knob}	Blinking	read
{LV.Knob}	Bounds	read
{LV.Knob}	Bounds:Area Height	read
{LV.Knob}	Bounds:Area Width	read
{LV.Knob}	Caption	read
{LV.Knob}	Class ID	read
{LV.Knob}	Class Name	read
{LV.Knob}	Control Reference Nodes[]	read
{LV.Knob}	Data Entry Limits	read
{LV.Knob}	Data Entry Limits:Increment	read
{LV.Knob}	Data Entry Limits:Maximum	read
{LV.Knob}	Data Entry Limits:Minimum	read
{LV.Knob}	DataSocket:Enabled	read
{LV.Knob}	DataSocket:LED Visible	read
{LV.Knob}	DataSocket:Mode	read
{LV.Knob}	DataSocket:Status	read
{LV.Knob}	DataSocket:URL	read
{LV.Knob}	Default Value	read
{LV.Knob}	Description	read
{LV.Knob}	Digital Displays[]	read
{LV.Knob}	Disabled	read
{LV.Knob}	Focus Key Binding	read
{LV.Knob}	Group Member Refs[]	read
{LV.Knob}	Grouped	read
{LV.Knob}	Has Caption	read
{LV.Knob}	Housing Colors	read
{LV.Knob}	Housing Size	read
{LV.Knob}	Indicator	read
{LV.Knob}	Invoke Nodes[]	read
{LV.Knob}	Is On Block Diagram?	read
{LV.Knob}	Is On Connector Pane	read
{LV.Knob}	Is Typedef?	read
{LV.Knob}	Key Focus	read
{LV.Knob}	Label	read
{LV.Knob}	Latch Value	read
{LV.Knob}	Local Variables[]	read
{LV.Knob}	Locked	read
{LV.Knob}	Master Bounds Rect	read
{LV.Knob}	Modified	read
{LV.Knob}	Num Of Sliders	read
{LV.Knob}	Owner (Deprecated)	read
{LV.Knob}	Owning VI	read
{LV.Knob}	Position	read
{LV.Knob}	Position:Left	read
{LV.Knob}	Position:Top	read
{LV.Knob}	Property Nodes[]	read
{LV.Knob}	Representation	read
{LV.Knob}	Response to Value Outside Limits	read
{LV.Knob}	Response to Value Outside Limits:Increment	read
{LV.Knob}	Response to Value Outside Limits:Maximum	read
{LV.Knob}	Response to Value Outside Limits:Minimum	read
{LV.Knob}	Scale	read
{LV.Knob}	Scale Info	read
{LV.Knob}	Selected	read
{LV.Knob}	Skip When Tabbing	read
{LV.Knob}	Slider Colors	read
{LV.Knob}	Slider Colors:BG Color	read
{LV.Knob}	Slider Colors:FG Color	read
{LV.Knob}	Synchronous Display	read
{LV.Knob}	Terminal	read
{LV.Knob}	Text Labels Visible?	read
{LV.Knob}	Text Labels[]	read
{LV.Knob}	Tip Strip	read
{LV.Knob}	Total Bounds Rect	read
{LV.Knob}	Type Descriptor	read
{LV.Knob}	Typedef:Path	read
{LV.Knob}	Typedef:VI	read
{LV.Knob}	Unit Label	read
{LV.Knob}	Value	read
{LV.Knob}	Value (Signaling)	write
{LV.Knob}	Visible	read
{LV.Knob}	Wizard Data	read
{LV.LVVariant}	Auto-Update From Typedef	read
{LV.LVVariant}	Bit Accurate Data Size	read
{LV.LVVariant}	Blinking	read
{LV.LVVariant}	Bounds	read
{LV.LVVariant}	Bounds:Area Height	read
{LV.LVVariant}	Bounds:Area Width	read
{LV.LVVariant}	Caption	read
{LV.LVVariant}	Class ID	read
{LV.LVVariant}	Class Name	read
{LV.LVVariant}	Control Reference Nodes[]	read
{LV.LVVariant}	DataSocket:Enabled	read
{LV.LVVariant}	DataSocket:LED Visible	read
{LV.LVVariant}	DataSocket:Mode	read
{LV.LVVariant}	DataSocket:Status	read
{LV.LVVariant}	DataSocket:URL	read
{LV.LVVariant}	Default Value	read
{LV.LVVariant}	Description	read
{LV.LVVariant}	Disabled	read
{LV.LVVariant}	Focus Key Binding	read
{LV.LVVariant}	Group Member Refs[]	read
{LV.LVVariant}	Grouped	read
{LV.LVVariant}	Has Caption	read
{LV.LVVariant}	Indicator	read
{LV.LVVariant}	Invoke Nodes[]	read
{LV.LVVariant}	Is On Block Diagram?	read
{LV.LVVariant}	Is On Connector Pane	read
{LV.LVVariant}	Is Typedef?	read
{LV.LVVariant}	Key Focus	read
{LV.LVVariant}	Label	read
{LV.LVVariant}	Latch Value	read
{LV.LVVariant}	Local Variables[]	read
{LV.LVVariant}	Locked	read
{LV.LVVariant}	Master Bounds Rect	read
{LV.LVVariant}	Modified	read
{LV.LVVariant}	Owner (Deprecated)	read
{LV.LVVariant}	Owning VI	read
{LV.LVVariant}	Position	read
{LV.LVVariant}	Position:Left	read
{LV.LVVariant}	Position:Top	read
{LV.LVVariant}	Property Nodes[]	read
{LV.LVVariant}	Selected	read
{LV.LVVariant}	Skip When Tabbing	read
{LV.LVVariant}	Synchronous Display	read
{LV.LVVariant}	Terminal	read
{LV.LVVariant}	Tip Strip	read
{LV.LVVariant}	Total Bounds Rect	read
{LV.LVVariant}	Type Descriptor	read
{LV.LVVariant}	Typedef:Path	read
{LV.LVVariant}	Typedef:VI	read
{LV.LVVariant}	Value	read
{LV.LVVariant}	Value (Signaling)	write
{LV.LVVariant}	Visible	read
{LV.LVVariant}	Wizard Data	read
{LV.LeftShiftRegister}	Bounds	read
{LV.LeftShiftRegister}	Bounds:Area Height	read
{LV.LeftShiftRegister}	Bounds:Area Width	read
{LV.LeftShiftRegister}	Class ID	read
{LV.LeftShiftRegister}	Class Name	read
{LV.LeftShiftRegister}	Group Member Refs[]	read
{LV.LeftShiftRegister}	Grouped	read
{LV.LeftShiftRegister}	Inside Terminals[]	read
{LV.LeftShiftRegister}	Is On Block Diagram?	read
{LV.LeftShiftRegister}	Locked	read
{LV.LeftShiftRegister}	Master Bounds Rect	read
{LV.LeftShiftRegister}	Modified	read
{LV.LeftShiftRegister}	Outside Terminal	read
{LV.LeftShiftRegister}	Owner (Deprecated)	read
{LV.LeftShiftRegister}	Owning VI	read
{LV.LeftShiftRegister}	Position	read
{LV.LeftShiftRegister}	Position:Left	read
{LV.LeftShiftRegister}	Position:Top	read
{LV.LeftShiftRegister}	Right Shift Register	read
{LV.LeftShiftRegister}	Selected	read
{LV.LeftShiftRegister}	Total Bounds Rect	read
{LV.ListBox}	Auto-Update From Typedef	read
{LV.ListBox}	Bit Accurate Data Size	read
{LV.ListBox}	Blinking	read
{LV.ListBox}	Bounds	read
{LV.ListBox}	Bounds:Area Height	read
{LV.ListBox}	Bounds:Area Width	read
{LV.ListBox}	Caption	read
{LV.ListBox}	Class ID	read
{LV.ListBox}	Class Name	read
{LV.ListBox}	Control Reference Nodes[]	read
{LV.ListBox}	DataSocket:Enabled	read
{LV.ListBox}	DataSocket:LED Visible	read
{LV.ListBox}	DataSocket:Mode	read
{LV.ListBox}	DataSocket:Status	read
{LV.ListBox}	DataSocket:URL	read
{LV.ListBox}	Default Value	read
{LV.ListBox}	Description	read
{LV.ListBox}	Disabled	read
{LV.ListBox}	Disabled Items	read
{LV.ListBox}	Double-Click	read
{LV.ListBox}	Focus Key Binding	read
{LV.ListBox}	Group Member Refs[]	read
{LV.ListBox}	Grouped	read
{LV.ListBox}	Has Caption	read
{LV.ListBox}	Indicator	read
{LV.ListBox}	Invoke Nodes[]	read
{LV.ListBox}	Is On Block Diagram?	read
{LV.ListBox}	Is On Connector Pane	read
{LV.ListBox}	Is Typedef?	read
{LV.ListBox}	Item Names	read
{LV.ListBox}	Item Symbols	read
{LV.ListBox}	Key Focus	read
{LV.ListBox}	Keyboard Mode	read
{LV.ListBox}	Label	read
{LV.ListBox}	Latch Value	read
{LV.ListBox}	Local Variables[]	read
{LV.ListBox}	Locked	read
{LV.ListBox}	Master Bounds Rect	read
{LV.ListBox}	Modified	read
{LV.ListBox}	Number of Rows	read
{LV.ListBox}	Owner (Deprecated)	read
{LV.ListBox}	Owning VI	read
{LV.ListBox}	Pixel Width	read
{LV.ListBox}	Position	read
{LV.ListBox}	Position:Left	read
{LV.ListBox}	Position:Top	read
{LV.ListBox}	Property Nodes[]	read
{LV.ListBox}	Selected	read
{LV.ListBox}	Selection Mode	read
{LV.ListBox}	Skip When Tabbing	read
{LV.ListBox}	Synchronous Display	read
{LV.ListBox}	Terminal	read
{LV.ListBox}	Tip Strip	read
{LV.ListBox}	Top Row	read
{LV.ListBox}	Total Bounds Rect	read
{LV.ListBox}	Type Descriptor	read
{LV.ListBox}	Typedef:Path	read
{LV.ListBox}	Typedef:VI	read
{LV.ListBox}	Value	read
{LV.ListBox}	Value (Signaling)	write
{LV.ListBox}	Visible	read
{LV.ListBox}	Visible Items:Symbols Visible	read
{LV.ListBox}	Visible Items:Vertical Scrollbar Visible	read
{LV.ListBox}	Wizard Data	read
{LV.Local}	Bounds	read
{LV.Local}	Bounds:Area Height	read
{LV.Local}	Bounds:Area Width	read
{LV.Local}	Class ID	read
{LV.Local}	Class Name	read
{LV.Local}	Clump Num	read
{LV.Local}	Control Name	read
{LV.Local}	Description	read
{LV.Local}	Fire Count	read
{LV.Local}	Group Member Refs[]	read
{LV.Local}	Grouped	read
{LV.Local}	Icon	read
{LV.Local}	Is Asynchronous	read
{LV.Local}	Is Break Point Set	read
{LV.Local}	Is On Block Diagram?	read
{LV.Local}	Label	read
{LV.Local}	Locked	read
{LV.Local}	Master Bounds Rect	read
{LV.Local}	Modified	read
{LV.Local}	Owner (Deprecated)	read
{LV.Local}	Owning VI	read
{LV.Local}	Position	read
{LV.Local}	Position:Left	read
{LV.Local}	Position:Top	read
{LV.Local}	Selected	read
{LV.Local}	Short Count	read
{LV.Local}	Style	read
{LV.Local}	Terminals[]	read
{LV.Local}	Total Bounds Rect	read
{LV.Local}	Write?	read
{LV.LoopTunnel}	Bounds	read
{LV.LoopTunnel}	Bounds:Area Height	read
{LV.LoopTunnel}	Bounds:Area Width	read
{LV.LoopTunnel}	Class ID	read
{LV.LoopTunnel}	Class Name	read
{LV.LoopTunnel}	Group Member Refs[]	read
{LV.LoopTunnel}	Grouped	read
{LV.LoopTunnel}	Index Mode	read
{LV.LoopTunnel}	Inside Terminals[]	read
{LV.LoopTunnel}	Is On Block Diagram?	read
{LV.LoopTunnel}	Locked	read
{LV.LoopTunnel}	Master Bounds Rect	read
{LV.LoopTunnel}	Modified	read
{LV.LoopTunnel}	Outside Terminal	read
{LV.LoopTunnel}	Owner (Deprecated)	read
{LV.LoopTunnel}	Owning VI	read
{LV.LoopTunnel}	Position	read
{LV.LoopTunnel}	Position:Left	read
{LV.LoopTunnel}	Position:Top	read
{LV.LoopTunnel}	Selected	read
{LV.LoopTunnel}	Total Bounds Rect	read
{LV.Loop}	AutoSize To Fit Contents?	read
{LV.Loop}	Bounds	read
{LV.Loop}	Bounds:Area Height	read
{LV.Loop}	Bounds:Area Width	read
{LV.Loop}	Class ID	read
{LV.Loop}	Class Name	read
{LV.Loop}	Clump Num	read
{LV.Loop}	Description	read
{LV.Loop}	Diagram	read
{LV.Loop}	Diagrams[]	read
{LV.Loop}	Fire Count	read
{LV.Loop}	Frame Size	read
{LV.Loop}	Group Member Refs[]	read
{LV.Loop}	Grouped	read
{LV.Loop}	Icon	read
{LV.Loop}	Is Asynchronous	read
{LV.Loop}	Is Break Point Set	read
{LV.Loop}	Is On Block Diagram?	read
{LV.Loop}	Label	read
{LV.Loop}	Locked	read
{LV.Loop}	Loop Counter	read
{LV.Loop}	Master Bounds Rect	read
{LV.Loop}	Modified	read
{LV.Loop}	Owner (Deprecated)	read
{LV.Loop}	Owning VI	read
{LV.Loop}	Position	read
{LV.Loop}	Position:Left	read
{LV.Loop}	Position:Top	read
{LV.Loop}	Selected	read
{LV.Loop}	Shift Registers[]	read
{LV.Loop}	Short Count	read
{LV.Loop}	Style	read
{LV.Loop}	Terminals[]	read
{LV.Loop}	Total Bounds Rect	read
{LV.Loop}	Tunnels[]	read
{LV.MultiFrameStructure}	AutoSize To Fit Contents?	read
{LV.MultiFrameStructure}	Bounds	read
{LV.MultiFrameStructure}	Bounds:Area Height	read
{LV.MultiFrameStructure}	Bounds:Area Width	read
{LV.MultiFrameStructure}	Class ID	read
{LV.MultiFrameStructure}	Class Name	read
{LV.MultiFrameStructure}	Clump Num	read
{LV.MultiFrameStructure}	Description	read
{LV.MultiFrameStructure}	Diagrams[]	read
{LV.MultiFrameStructure}	Fire Count	read
{LV.MultiFrameStructure}	Frame Selector Rect	read
{LV.MultiFrameStructure}	Frame Size	read
{LV.MultiFrameStructure}	Frames[]	read
{LV.MultiFrameStructure}	Group Member Refs[]	read
{LV.MultiFrameStructure}	Grouped	read
{LV.MultiFrameStructure}	Icon	read
{LV.MultiFrameStructure}	Is Asynchronous	read
{LV.MultiFrameStructure}	Is Break Point Set	read
{LV.MultiFrameStructure}	Is On Block Diagram?	read
{LV.MultiFrameStructure}	Label	read
{LV.MultiFrameStructure}	Locked	read
{LV.MultiFrameStructure}	Master Bounds Rect	read
{LV.MultiFrameStructure}	Modified	read
{LV.MultiFrameStructure}	Owner (Deprecated)	read
{LV.MultiFrameStructure}	Owning VI	read
{LV.MultiFrameStructure}	Position	read
{LV.MultiFrameStructure}	Position:Left	read
{LV.MultiFrameStructure}	Position:Top	read
{LV.MultiFrameStructure}	Selected	read
{LV.MultiFrameStructure}	Short Count	read
{LV.MultiFrameStructure}	Style	read
{LV.MultiFrameStructure}	Terminals[]	read
{LV.MultiFrameStructure}	Total Bounds Rect	read
{LV.MultiFrameStructure}	Tunnels[]	read
{LV.MultiFrameStructure}	Visible Frame	read
{LV.MulticolumnListbox}	Active Cell:Active Cell	read
{LV.MulticolumnListbox}	Active Cell:Cell Background Color	read
{LV.MulticolumnListbox}	Active Cell:Cell Foreground Color	read
{LV.MulticolumnListbox}	Active Cell:Cell Size	read
{LV.MulticolumnListbox}	Auto-Update From Typedef	read
{LV.MulticolumnListbox}	Autosizing Row Height	read
{LV.MulticolumnListbox}	Bit Accurate Data Size	read
{LV.MulticolumnListbox}	Blinking	read
{LV.MulticolumnListbox}	Bounds	read
{LV.MulticolumnListbox}	Bounds:Area Height	read
{LV.MulticolumnListbox}	Bounds:Area Width	read
{LV.MulticolumnListbox}	Caption	read
{LV.MulticolumnListbox}	Class ID	read
{LV.MulticolumnListbox}	Class Name	read
{LV.MulticolumnListbox}	Column Header Strings[]	read
{LV.MulticolumnListbox}	Control Reference Nodes[]	read
{LV.MulticolumnListbox}	DataSocket:Enabled	read
{LV.MulticolumnListbox}	DataSocket:LED Visible	read
{LV.MulticolumnListbox}	DataSocket:Mode	read
{LV.MulticolumnListbox}	DataSocket:Status	read
{LV.MulticolumnListbox}	DataSocket:URL	read
{LV.MulticolumnListbox}	Default Value	read
{LV.MulticolumnListbox}	Description	read
{LV.MulticolumnListbox}	Disabled	read
{LV.MulticolumnListbox}	Disabled Items	read
{LV.MulticolumnListbox}	Focus Key Binding	read
{LV.MulticolumnListbox}	Group Member Refs[]	read
{LV.MulticolumnListbox}	Grouped	read
{LV.MulticolumnListbox}	Has Caption	read
{LV.MulticolumnListbox}	Indicator	read
{LV.MulticolumnListbox}	Invoke Nodes[]	read
{LV.MulticolumnListbox}	Is On Block Diagram?	read
{LV.MulticolumnListbox}	Is On Connector Pane	read
{LV.MulticolumnListbox}	Is Typedef?	read
{LV.MulticolumnListbox}	Item Names	read
{LV.MulticolumnListbox}	Item Symbols	read
{LV.MulticolumnListbox}	Key Focus	read
{LV.MulticolumnListbox}	Label	read
{LV.MulticolumnListbox}	Latch Value	read
{LV.MulticolumnListbox}	Local Variables[]	read
{LV.MulticolumnListbox}	Locked	read
{LV.MulticolumnListbox}	Master Bounds Rect	read
{LV.MulticolumnListbox}	Modified	read
{LV.MulticolumnListbox}	Multiple Line Input	read
{LV.MulticolumnListbox}	Number of Columns	read
{LV.MulticolumnListbox}	Number of Rows	read
{LV.MulticolumnListbox}	Owner (Deprecated)	read
{LV.MulticolumnListbox}	Owning VI	read
{LV.MulticolumnListbox}	Position	read
{LV.MulticolumnListbox}	Position:Left	read
{LV.MulticolumnListbox}	Position:Top	read
{LV.MulticolumnListbox}	Property Nodes[]	read
{LV.MulticolumnListbox}	Selected	read
{LV.MulticolumnListbox}	Selected Cell	read
{LV.MulticolumnListbox}	Selection Color	read
{LV.MulticolumnListbox}	Selection Mode	read
{LV.MulticolumnListbox}	Skip When Tabbing	read
{LV.MulticolumnListbox}	Smooth Horizontal Scrolling	read
{LV.MulticolumnListbox}	Synchronous Display	read
{LV.MulticolumnListbox}	Terminal	read
{LV.MulticolumnListbox}	Tip Strip	read
{LV.MulticolumnListbox}	Top Left Visible Cell	read
{LV.MulticolumnListbox}	Total Bounds Rect	read
{LV.MulticolumnListbox}	Type Descriptor	read
{LV.MulticolumnListbox}	Typedef:Path	read
{LV.MulticolumnListbox}	Typedef:VI	read
{LV.MulticolumnListbox}	Value	read
{LV.MulticolumnListbox}	Value (Signaling)	write
{LV.MulticolumnListbox}	Visible	read
{LV.MulticolumnListbox}	Visible Items:Column Headers Visible	read
{LV.MulticolumnListbox}	Visible Items:Horizontal Scrollbar Visible	read
{LV.MulticolumnListbox}	Visible Items:Symbols Visible	read
{LV.MulticolumnListbox}	Visible Items:Vertical Scrollbar Visible	read
{LV.MulticolumnListbox}	Wizard Data	read
{LV.NamedBundler}	Available Elements[]	read
{LV.NamedBundler}	Bounds	read
{LV.NamedBundler}	Bounds:Area Height	read
{LV.NamedBundler}	Bounds:Area Width	read
{LV.NamedBundler}	Class ID	read
{LV.NamedBundler}	Class Name	read
{LV.NamedBundler}	Clump Num	read
{LV.NamedBundler}	Description	read
{LV.NamedBundler}	Element Names[]	read
{LV.NamedBundler}	Fire Count	read
{LV.NamedBundler}	Full Names Visible?	read
{LV.NamedBundler}	Group Member Refs[]	read
{LV.NamedBundler}	Grouped	read
{LV.NamedBundler}	Icon	read
{LV.NamedBundler}	Input Count	read
{LV.NamedBundler}	Input Terminals	read
{LV.NamedBundler}	Is Asynchronous	read
{LV.NamedBundler}	Is Break Point Set	read
{LV.NamedBundler}	Is On Block Diagram?	read
{LV.NamedBundler}	Label	read
{LV.NamedBundler}	Locked	read
{LV.NamedBundler}	Master Bounds Rect	read
{LV.NamedBundler}	Modified	read
{LV.NamedBundler}	Owner (Deprecated)	read
{LV.NamedBundler}	Owning VI	read
{LV.NamedBundler}	Position	read
{LV.NamedBundler}	Position:Left	read
{LV.NamedBundler}	Position:Top	read
{LV.NamedBundler}	Selected	read
{LV.NamedBundler}	Short Count	read
{LV.NamedBundler}	Style	read
{LV.NamedBundler}	Terminal Height	read
{LV.NamedBundler}	Terminals[]	read
{LV.NamedBundler}	Total Bounds Rect	read
{LV.NamedNumericConstant}	Auto-Update From Typedef	read
{LV.NamedNumericConstant}	Bounds	read
{LV.NamedNumericConstant}	Bounds:Area Height	read
{LV.NamedNumericConstant}	Bounds:Area Width	read
{LV.NamedNumericConstant}	Class ID	read
{LV.NamedNumericConstant}	Class Name	read
{LV.NamedNumericConstant}	Description	read
{LV.NamedNumericConstant}	Digital Display	read
{LV.NamedNumericConstant}	Group Member Refs[]	read
{LV.NamedNumericConstant}	Grouped	read
{LV.NamedNumericConstant}	Is On Block Diagram?	read
{LV.NamedNumericConstant}	Is Typedef?	read
{LV.NamedNumericConstant}	Items[]	read
{LV.NamedNumericConstant}	Label	read
{LV.NamedNumericConstant}	Locked	read
{LV.NamedNumericConstant}	Master Bounds Rect	read
{LV.NamedNumericConstant}	Modified	read
{LV.NamedNumericConstant}	Owner (Deprecated)	read
{LV.NamedNumericConstant}	Owning VI	read
{LV.NamedNumericConstant}	Position	read
{LV.NamedNumericConstant}	Position:Left	read
{LV.NamedNumericConstant}	Position:Top	read
{LV.NamedNumericConstant}	Representation	read
{LV.NamedNumericConstant}	Selected	read
{LV.NamedNumericConstant}	Terminal	read
{LV.NamedNumericConstant}	Tip Strip	read
{LV.NamedNumericConstant}	Total Bounds Rect	read
{LV.NamedNumericConstant}	Typedef:Path	read
{LV.NamedNumericConstant}	Typedef:VI	read
{LV.NamedNumericConstant}	Value	read
{LV.NamedNumeric}	Auto-Update From Typedef	read
{LV.NamedNumeric}	Bit Accurate Data Size	read
{LV.NamedNumeric}	Blinking	read
{LV.NamedNumeric}	Bounds	read
{LV.NamedNumeric}	Bounds:Area Height	read
{LV.NamedNumeric}	Bounds:Area Width	read
{LV.NamedNumeric}	Caption	read
{LV.NamedNumeric}	Class ID	read
{LV.NamedNumeric}	Class Name	read
{LV.NamedNumeric}	Control Reference Nodes[]	read
{LV.NamedNumeric}	Data Entry Limits	read
{LV.NamedNumeric}	Data Entry Limits:Increment	read
{LV.NamedNumeric}	Data Entry Limits:Maximum	read
{LV.NamedNumeric}	Data Entry Limits:Minimum	read
{LV.NamedNumeric}	DataSocket:Enabled	read
{LV.NamedNumeric}	DataSocket:LED Visible	read
{LV.NamedNumeric}	DataSocket:Mode	read
{LV.NamedNumeric}	DataSocket:Status	read
{LV.NamedNumeric}	DataSocket:URL	read
{LV.NamedNumeric}	Default Value	read
{LV.NamedNumeric}	Description	read
{LV.NamedNumeric}	Digital Display	read
{LV.NamedNumeric}	Disabled	read
{LV.NamedNumeric}	Disabled Items []	read
{LV.NamedNumeric}	Focus Key Binding	read
{LV.NamedNumeric}	Group Member Refs[]	read
{LV.NamedNumeric}	Grouped	read
{LV.NamedNumeric}	Has Caption	read
{LV.NamedNumeric}	Indicator	read
{LV.NamedNumeric}	Invoke Nodes[]	read
{LV.NamedNumeric}	Is On Block Diagram?	read
{LV.NamedNumeric}	Is On Connector Pane	read
{LV.NamedNumeric}	Is Typedef?	read
{LV.NamedNumeric}	Key Focus	read
{LV.NamedNumeric}	Label	read
{LV.NamedNumeric}	Latch Value	read
{LV.NamedNumeric}	Local Variables[]	read
{LV.NamedNumeric}	Locked	read
{LV.NamedNumeric}	Master Bounds Rect	read
{LV.NamedNumeric}	Modified	read
{LV.NamedNumeric}	Named Numeric Colors	read
{LV.NamedNumeric}	Named Numeric Colors:BG Color	read
{LV.NamedNumeric}	Named Numeric Colors:Text Color	read
{LV.NamedNumeric}	Named Numeric Font	read
{LV.NamedNumeric}	Named Numeric Font:Bold	read
{LV.NamedNumeric}	Named Numeric Font:Color	read
{LV.NamedNumeric}	Named Numeric Font:Italic	read
{LV.NamedNumeric}	Named Numeric Font:Name	read
{LV.NamedNumeric}	Named Numeric Font:Size	read
{LV.NamedNumeric}	Named Numeric Font:Strikeout	read
{LV.NamedNumeric}	Named Numeric Font:Underline	read
{LV.NamedNumeric}	Named Numeric Size	read
{LV.NamedNumeric}	Number of Items	read
{LV.NamedNumeric}	Owner (Deprecated)	read
{LV.NamedNumeric}	Owning VI	read
{LV.NamedNumeric}	Position	read
{LV.NamedNumeric}	Position:Left	read
{LV.NamedNumeric}	Position:Top	read
{LV.NamedNumeric}	Property Nodes[]	read
{LV.NamedNumeric}	Representation	read
{LV.NamedNumeric}	Response to Value Outside Limits	read
{LV.NamedNumeric}	Response to Value Outside Limits:Increment	read
{LV.NamedNumeric}	Response to Value Outside Limits:Maximum	read
{LV.NamedNumeric}	Response to Value Outside Limits:Minimum	read
{LV.NamedNumeric}	Ring Text	read
{LV.NamedNumeric}	Selected	read
{LV.NamedNumeric}	Skip When Tabbing	read
{LV.NamedNumeric}	Strings []	read
{LV.NamedNumeric}	Synchronous Display	read
{LV.NamedNumeric}	Terminal	read
{LV.NamedNumeric}	Tip Strip	read
{LV.NamedNumeric}	Total Bounds Rect	read
{LV.NamedNumeric}	Type Descriptor	read
{LV.NamedNumeric}	Typedef:Path	read
{LV.NamedNumeric}	Typedef:VI	read
{LV.NamedNumeric}	Unit Label	read
{LV.NamedNumeric}	Value	read
{LV.NamedNumeric}	Value (Signaling)	write
{LV.NamedNumeric}	Visible	read
{LV.NamedNumeric}	Wizard Data	read
{LV.NamedUnbundler}	Available Elements[]	read
{LV.NamedUnbundler}	Bounds	read
{LV.NamedUnbundler}	Bounds:Area Height	read
{LV.NamedUnbundler}	Bounds:Area Width	read
{LV.NamedUnbundler}	Class ID	read
{LV.NamedUnbundler}	Class Name	read
{LV.NamedUnbundler}	Clump Num	read
{LV.NamedUnbundler}	Description	read
{LV.NamedUnbundler}	Element Names[]	read
{LV.NamedUnbundler}	Fire Count	read
{LV.NamedUnbundler}	Full Names Visible?	read
{LV.NamedUnbundler}	Group Member Refs[]	read
{LV.NamedUnbundler}	Grouped	read
{LV.NamedUnbundler}	Icon	read
{LV.NamedUnbundler}	Is Asynchronous	read
{LV.NamedUnbundler}	Is Break Point Set	read
{LV.NamedUnbundler}	Is On Block Diagram?	read
{LV.NamedUnbundler}	Label	read
{LV.NamedUnbundler}	Locked	read
{LV.NamedUnbundler}	Master Bounds Rect	read
{LV.NamedUnbundler}	Modified	read
{LV.NamedUnbundler}	Output Count	read
{LV.NamedUnbundler}	Output Terminals[]	read
{LV.NamedUnbundler}	Owner (Deprecated)	read
{LV.NamedUnbundler}	Owning VI	read
{LV.NamedUnbundler}	Position	read
{LV.NamedUnbundler}	Position:Left	read
{LV.NamedUnbundler}	Position:Top	read
{LV.NamedUnbundler}	Selected	read
{LV.NamedUnbundler}	Short Count	read
{LV.NamedUnbundler}	Style	read
{LV.NamedUnbundler}	Terminal Height	read
{LV.NamedUnbundler}	Terminals[]	read
{LV.NamedUnbundler}	Total Bounds Rect	read
{LV.Node}	Bounds	read
{LV.Node}	Bounds:Area Height	read
{LV.Node}	Bounds:Area Width	read
{LV.Node}	Class ID	read
{LV.Node}	Class Name	read
{LV.Node}	Clump Num	read
{LV.Node}	Description	read
{LV.Node}	Fire Count	read
{LV.Node}	Group Member Refs[]	read
{LV.Node}	Grouped	read
{LV.Node}	Icon	read
{LV.Node}	Is Asynchronous	read
{LV.Node}	Is Break Point Set	read
{LV.Node}	Is On Block Diagram?	read
{LV.Node}	Label	read
{LV.Node}	Locked	read
{LV.Node}	Master Bounds Rect	read
{LV.Node}	Modified	read
{LV.Node}	Owner (Deprecated)	read
{LV.Node}	Owning VI	read
{LV.Node}	Position	read
{LV.Node}	Position:Left	read
{LV.Node}	Position:Top	read
{LV.Node}	Selected	read
{LV.Node}	Short Count	read
{LV.Node}	Style	read
{LV.Node}	Terminals[]	read
{LV.Node}	Total Bounds Rect	read
{LV.NumericConstant}	Auto-Update From Typedef	read
{LV.NumericConstant}	Bounds	read
{LV.NumericConstant}	Bounds:Area Height	read
{LV.NumericConstant}	Bounds:Area Width	read
{LV.NumericConstant}	Class ID	read
{LV.NumericConstant}	Class Name	read
{LV.NumericConstant}	Description	read
{LV.NumericConstant}	Group Member Refs[]	read
{LV.NumericConstant}	Grouped	read
{LV.NumericConstant}	Is On Block Diagram?	read
{LV.NumericConstant}	Is Typedef?	read
{LV.NumericConstant}	Label	read
{LV.NumericConstant}	Locked	read
{LV.NumericConstant}	Master Bounds Rect	read
{LV.NumericConstant}	Modified	read
{LV.NumericConstant}	Owner (Deprecated)	read
{LV.NumericConstant}	Owning VI	read
{LV.NumericConstant}	Position	read
{LV.NumericConstant}	Position:Left	read
{LV.NumericConstant}	Position:Top	read
{LV.NumericConstant}	Representation	read
{LV.NumericConstant}	Selected	read
{LV.NumericConstant}	Terminal	read
{LV.NumericConstant}	Tip Strip	read
{LV.NumericConstant}	Total Bounds Rect	read
{LV.NumericConstant}	Typedef:Path	read
{LV.NumericConstant}	Typedef:VI	read
{LV.NumericConstant}	Value	read
{LV.NumericText}	Bounds	read
{LV.NumericText}	Bounds:Area Height	read
{LV.NumericText}	Bounds:Area Width	read
{LV.NumericText}	Class ID	read
{LV.NumericText}	Class Name	read
{LV.NumericText}	Colors	read
{LV.NumericText}	Colors:BG Color	read
{LV.NumericText}	Colors:FG Color	read
{LV.NumericText}	Display Format	read
{LV.NumericText}	Display Format:Format	read
{LV.NumericText}	Display Format:Precision	read
{LV.NumericText}	Document Bounds	read
{LV.NumericText}	Document Bounds:Height	read
{LV.NumericText}	Document Bounds:Width	read
{LV.NumericText}	Font	read
{LV.NumericText}	Font:Bold	read
{LV.NumericText}	Font:Color	read
{LV.NumericText}	Font:Italic	read
{LV.NumericText}	Font:Name	read
{LV.NumericText}	Font:Size	read
{LV.NumericText}	Font:Strikeout	read
{LV.NumericText}	Font:Underline	read
{LV.NumericText}	Format String	read
{LV.NumericText}	Group Member Refs[]	read
{LV.NumericText}	Grouped	read
{LV.NumericText}	Interpret As Unicode	read
{LV.NumericText}	Is On Block Diagram?	read
{LV.NumericText}	Justification	read
{LV.NumericText}	Locked	read
{LV.NumericText}	Master Bounds Rect	read
{LV.NumericText}	Modified	read
{LV.NumericText}	Owner (Deprecated)	read
{LV.NumericText}	Owning VI	read
{LV.NumericText}	Position	read
{LV.NumericText}	Position:Left	read
{LV.NumericText}	Position:Top	read
{LV.NumericText}	Scroll Position	read
{LV.NumericText}	Selected	read
{LV.NumericText}	Selection	read
{LV.NumericText}	Selection:End	read
{LV.NumericText}	Selection:Start	read
{LV.NumericText}	Size	read
{LV.NumericText}	Size to Text?	read
{LV.NumericText}	Text	read
{LV.NumericText}	Text Colors	read
{LV.NumericText}	Text Colors:Text Color	read
{LV.NumericText}	Total Bounds Rect	read
{LV.NumericText}	Visible	read
{LV.NumericWithScale}	Active Slider	read
{LV.NumericWithScale}	Auto-Update From Typedef	read
{LV.NumericWithScale}	Bit Accurate Data Size	read
{LV.NumericWithScale}	Blinking	read
{LV.NumericWithScale}	Bounds	read
{LV.NumericWithScale}	Bounds:Area Height	read
{LV.NumericWithScale}	Bounds:Area Width	read
{LV.NumericWithScale}	Caption	read
{LV.NumericWithScale}	Class ID	read
{LV.NumericWithScale}	Class Name	read
{LV.NumericWithScale}	Control Reference Nodes[]	read
{LV.NumericWithScale}	Data Entry Limits	read
{LV.NumericWithScale}	Data Entry Limits:Increment	read
{LV.NumericWithScale}	Data Entry Limits:Maximum	read
{LV.NumericWithScale}	Data Entry Limits:Minimum	read
{LV.NumericWithScale}	DataSocket:Enabled	read
{LV.NumericWithScale}	DataSocket:LED Visible	read
{LV.NumericWithScale}	DataSocket:Mode	read
{LV.NumericWithScale}	DataSocket:Status	read
{LV.NumericWithScale}	DataSocket:URL	read
{LV.NumericWithScale}	Default Value	read
{LV.NumericWithScale}	Description	read
{LV.NumericWithScale}	Digital Displays[]	read
{LV.NumericWithScale}	Disabled	read
{LV.NumericWithScale}	Focus Key Binding	read
{LV.NumericWithScale}	Group Member Refs[]	read
{LV.NumericWithScale}	Grouped	read
{LV.NumericWithScale}	Has Caption	read
{LV.NumericWithScale}	Housing Colors	read
{LV.NumericWithScale}	Housing Size	read
{LV.NumericWithScale}	Indicator	read
{LV.NumericWithScale}	Invoke Nodes[]	read
{LV.NumericWithScale}	Is On Block Diagram?	read
{LV.NumericWithScale}	Is On Connector Pane	read
{LV.NumericWithScale}	Is Typedef?	read
{LV.NumericWithScale}	Key Focus	read
{LV.NumericWithScale}	Label	read
{LV.NumericWithScale}	Latch Value	read
{LV.NumericWithScale}	Local Variables[]	read
{LV.NumericWithScale}	Locked	read
{LV.NumericWithScale}	Master Bounds Rect	read
{LV.NumericWithScale}	Modified	read
{LV.NumericWithScale}	Num Of Sliders	read
{LV.NumericWithScale}	Owner (Deprecated)	read
{LV.NumericWithScale}	Owning VI	read
{LV.NumericWithScale}	Position	read
{LV.NumericWithScale}	Position:Left	read
{LV.NumericWithScale}	Position:Top	read
{LV.NumericWithScale}	Property Nodes[]	read
{LV.NumericWithScale}	Representation	read
{LV.NumericWithScale}	Response to Value Outside Limits	read
{LV.NumericWithScale}	Response to Value Outside Limits:Increment	read
{LV.NumericWithScale}	Response to Value Outside Limits:Maximum	read
{LV.NumericWithScale}	Response to Value Outside Limits:Minimum	read
{LV.NumericWithScale}	Scale Info	read
{LV.NumericWithScale}	Selected	read
{LV.NumericWithScale}	Skip When Tabbing	read
{LV.NumericWithScale}	Slider Colors	read
{LV.NumericWithScale}	Slider Colors:BG Color	read
{LV.NumericWithScale}	Slider Colors:FG Color	read
{LV.NumericWithScale}	Synchronous Display	read
{LV.NumericWithScale}	Terminal	read
{LV.NumericWithScale}	Text Labels Visible?	read
{LV.NumericWithScale}	Text Labels[]	read
{LV.NumericWithScale}	Tip Strip	read
{LV.NumericWithScale}	Total Bounds Rect	read
{LV.NumericWithScale}	Type Descriptor	read
{LV.NumericWithScale}	Typedef:Path	read
{LV.NumericWithScale}	Typedef:VI	read
{LV.NumericWithScale}	Unit Label	read
{LV.NumericWithScale}	Value	read
{LV.NumericWithScale}	Value (Signaling)	write
{LV.NumericWithScale}	Visible	read
{LV.NumericWithScale}	Wizard Data	read
{LV.Numeric}	Auto-Update From Typedef	read
{LV.Numeric}	Bit Accurate Data Size	read
{LV.Numeric}	Blinking	read
{LV.Numeric}	Bounds	read
{LV.Numeric}	Bounds:Area Height	read
{LV.Numeric}	Bounds:Area Width	read
{LV.Numeric}	Caption	read
{LV.Numeric}	Class ID	read
{LV.Numeric}	Class Name	read
{LV.Numeric}	Control Reference Nodes[]	read
{LV.Numeric}	Data Entry Limits	read
{LV.Numeric}	Data Entry Limits:Increment	read
{LV.Numeric}	Data Entry Limits:Maximum	read
{LV.Numeric}	Data Entry Limits:Minimum	read
{LV.Numeric}	DataSocket:Enabled	read
{LV.Numeric}	DataSocket:LED Visible	read
{LV.Numeric}	DataSocket:Mode	read
{LV.Numeric}	DataSocket:Status	read
{LV.Numeric}	DataSocket:URL	read
{LV.Numeric}	Default Value	read
{LV.Numeric}	Description	read
{LV.Numeric}	Disabled	read
{LV.Numeric}	Focus Key Binding	read
{LV.Numeric}	Group Member Refs[]	read
{LV.Numeric}	Grouped	read
{LV.Numeric}	Has Caption	read
{LV.Numeric}	Indicator	read
{LV.Numeric}	Invoke Nodes[]	read
{LV.Numeric}	Is On Block Diagram?	read
{LV.Numeric}	Is On Connector Pane	read
{LV.Numeric}	Is Typedef?	read
{LV.Numeric}	Key Focus	read
{LV.Numeric}	Label	read
{LV.Numeric}	Latch Value	read
{LV.Numeric}	Local Variables[]	read
{LV.Numeric}	Locked	read
{LV.Numeric}	Master Bounds Rect	read
{LV.Numeric}	Modified	read
{LV.Numeric}	Owner (Deprecated)	read
{LV.Numeric}	Owning VI	read
{LV.Numeric}	Position	read
{LV.Numeric}	Position:Left	read
{LV.Numeric}	Position:Top	read
{LV.Numeric}	Property Nodes[]	read
{LV.Numeric}	Representation	read
{LV.Numeric}	Response to Value Outside Limits	read
{LV.Numeric}	Response to Value Outside Limits:Increment	read
{LV.Numeric}	Response to Value Outside Limits:Maximum	read
{LV.Numeric}	Response to Value Outside Limits:Minimum	read
{LV.Numeric}	Selected	read
{LV.Numeric}	Skip When Tabbing	read
{LV.Numeric}	Synchronous Display	read
{LV.Numeric}	Terminal	read
{LV.Numeric}	Tip Strip	read
{LV.Numeric}	Total Bounds Rect	read
{LV.Numeric}	Type Descriptor	read
{LV.Numeric}	Typedef:Path	read
{LV.Numeric}	Typedef:VI	read
{LV.Numeric}	Unit Label	read
{LV.Numeric}	Value	read
{LV.Numeric}	Value (Signaling)	write
{LV.Numeric}	Visible	read
{LV.Numeric}	Wizard Data	read
{LV.ObjectFunction}	Bounds	read
{LV.ObjectFunction}	Bounds:Area Height	read
{LV.ObjectFunction}	Bounds:Area Width	read
{LV.ObjectFunction}	Class	read
{LV.ObjectFunction}	Class ID	read
{LV.ObjectFunction}	Class Name	read
{LV.ObjectFunction}	Clump Num	read
{LV.ObjectFunction}	Description	read
{LV.ObjectFunction}	Fire Count	read
{LV.ObjectFunction}	Group Member Refs[]	read
{LV.ObjectFunction}	Grouped	read
{LV.ObjectFunction}	Icon	read
{LV.ObjectFunction}	Is Asynchronous	read
{LV.ObjectFunction}	Is Break Point Set	read
{LV.ObjectFunction}	Is On Block Diagram?	read
{LV.ObjectFunction}	Label	read
{LV.ObjectFunction}	Locked	read
{LV.ObjectFunction}	Master Bounds Rect	read
{LV.ObjectFunction}	Modified	read
{LV.ObjectFunction}	Name Format	read
{LV.ObjectFunction}	Owner (Deprecated)	read
{LV.ObjectFunction}	Owning VI	read
{LV.ObjectFunction}	Position	read
{LV.ObjectFunction}	Position:Left	read
{LV.ObjectFunction}	Position:Top	read
{LV.ObjectFunction}	Selected	read
{LV.ObjectFunction}	Short Count	read
{LV.ObjectFunction}	Style	read
{LV.ObjectFunction}	Terminal Height	read
{LV.ObjectFunction}	Terminals[]	read
{LV.ObjectFunction}	Total Bounds Rect	read
{LV.OuterTerminal}	Bounds	read
{LV.OuterTerminal}	Bounds:Area Height	read
{LV.OuterTerminal}	Bounds:Area Width	read
{LV.OuterTerminal}	Caption	read
{LV.OuterTerminal}	Class ID	read
{LV.OuterTerminal}	Class Name	read
{LV.OuterTerminal}	Coercion Dot?	read
{LV.OuterTerminal}	Connected Wire	read
{LV.OuterTerminal}	Diagram	read
{LV.OuterTerminal}	Group Member Refs[]	read
{LV.OuterTerminal}	Grouped	read
{LV.OuterTerminal}	Is On Block Diagram?	read
{LV.OuterTerminal}	Is Source?	read
{LV.OuterTerminal}	Locked	read
{LV.OuterTerminal}	Master Bounds Rect	read
{LV.OuterTerminal}	Modified	read
{LV.OuterTerminal}	Name	read
{LV.OuterTerminal}	Owner (Deprecated)	read
{LV.OuterTerminal}	Owning VI	read
{LV.OuterTerminal}	Position	read
{LV.OuterTerminal}	Position:Left	read
{LV.OuterTerminal}	Position:Top	read
{LV.OuterTerminal}	Selected	read
{LV.OuterTerminal}	Total Bounds Rect	read
{LV.OuterTerminal}	Tunnel	read
{LV.OuterTerminal}	Type Descriptor	read
{LV.PageSelector}	Auto-Update From Typedef	read
{LV.PageSelector}	Bit Accurate Data Size	read
{LV.PageSelector}	Blinking	read
{LV.PageSelector}	Bounds	read
{LV.PageSelector}	Bounds:Area Height	read
{LV.PageSelector}	Bounds:Area Width	read
{LV.PageSelector}	Caption	read
{LV.PageSelector}	Class ID	read
{LV.PageSelector}	Class Name	read
{LV.PageSelector}	Control Reference Nodes[]	read
{LV.PageSelector}	DataSocket:Enabled	read
{LV.PageSelector}	DataSocket:LED Visible	read
{LV.PageSelector}	DataSocket:Mode	read
{LV.PageSelector}	DataSocket:Status	read
{LV.PageSelector}	DataSocket:URL	read
{LV.PageSelector}	Default Value	read
{LV.PageSelector}	Description	read
{LV.PageSelector}	Disabled	read
{LV.PageSelector}	Focus Key Binding	read
{LV.PageSelector}	Group Member Refs[]	read
{LV.PageSelector}	Grouped	read
{LV.PageSelector}	Has Caption	read
{LV.PageSelector}	Indicator	read
{LV.PageSelector}	Invoke Nodes[]	read
{LV.PageSelector}	Is On Block Diagram?	read
{LV.PageSelector}	Is On Connector Pane	read
{LV.PageSelector}	Is Typedef?	read
{LV.PageSelector}	Key Focus	read
{LV.PageSelector}	Label	read
{LV.PageSelector}	Latch Value	read
{LV.PageSelector}	Local Variables[]	read
{LV.PageSelector}	Locked	read
{LV.PageSelector}	Master Bounds Rect	read
{LV.PageSelector}	Modified	read
{LV.PageSelector}	Owner (Deprecated)	read
{LV.PageSelector}	Owning VI	read
{LV.PageSelector}	Page Selector Visible	read
{LV.PageSelector}	Pages	read
{LV.PageSelector}	Position	read
{LV.PageSelector}	Position:Left	read
{LV.PageSelector}	Position:Top	read
{LV.PageSelector}	Property Nodes[]	read
{LV.PageSelector}	Selected	read
{LV.PageSelector}	Skip When Tabbing	read
{LV.PageSelector}	Synchronous Display	read
{LV.PageSelector}	Terminal	read
{LV.PageSelector}	Tip Strip	read
{LV.PageSelector}	Total Bounds Rect	read
{LV.PageSelector}	Type Descriptor	read
{LV.PageSelector}	Typedef:Path	read
{LV.PageSelector}	Typedef:VI	read
{LV.PageSelector}	Value	read
{LV.PageSelector}	Value (Signaling)	write
{LV.PageSelector}	Visible	read
{LV.PageSelector}	Wizard Data	read
{LV.Page}	Class ID	read
{LV.Page}	Class Name	read
{LV.Page}	Colors	read
{LV.Page}	Colors:BG Color	read
{LV.Page}	Colors:FG Color	read
{LV.Page}	Description	read
{LV.Page}	Independent Label	read
{LV.Page}	Is On Block Diagram?	read
{LV.Page}	Modified	read
{LV.Page}	Owner (Deprecated)	read
{LV.Page}	Owning VI	read
{LV.Page}	Page Enabled State	read
{LV.Page}	Page Label	read
{LV.Page}	Page Visible	read
{LV.Page}	Tab Caption	read
{LV.Page}	Tabbing Order	read
{LV.Page}	Tip Strip	read
{LV.Page}	Z-Order:All Objects[]	read
{LV.Page}	Z-Order:Decorations[]	read
{LV.Panel}	All Objects[]	read
{LV.Panel}	Bounds	read
{LV.Panel}	Bounds:Area Height	read
{LV.Panel}	Bounds:Area Width	read
{LV.Panel}	Class ID	read
{LV.Panel}	Class Name	read
{LV.Panel}	Color	read
{LV.Panel}	Controls[]	read
{LV.Panel}	Decorations[]	read
{LV.Panel}	Defer Panel Updates	read
{LV.Panel}	Group Member Refs[]	read
{LV.Panel}	Grouped	read
{LV.Panel}	Is On Block Diagram?	read
{LV.Panel}	Locked	read
{LV.Panel}	Master Bounds Rect	read
{LV.Panel}	Modified	read
{LV.Panel}	Owner (Deprecated)	read
{LV.Panel}	Owning VI	read
{LV.Panel}	Position	read
{LV.Panel}	Position:Left	read
{LV.Panel}	Position:Top	read
{LV.Panel}	Selected	read
{LV.Panel}	Selection List[]	read
{LV.Panel}	Total Bounds Rect	read
{LV.PathConstant}	Auto-Update From Typedef	read
{LV.PathConstant}	Bounds	read
{LV.PathConstant}	Bounds:Area Height	read
{LV.PathConstant}	Bounds:Area Width	read
{LV.PathConstant}	Class ID	read
{LV.PathConstant}	Class Name	read
{LV.PathConstant}	Description	read
{LV.PathConstant}	Group Member Refs[]	read
{LV.PathConstant}	Grouped	read
{LV.PathConstant}	Is On Block Diagram?	read
{LV.PathConstant}	Is Typedef?	read
{LV.PathConstant}	Label	read
{LV.PathConstant}	Locked	read
{LV.PathConstant}	Master Bounds Rect	read
{LV.PathConstant}	Modified	read
{LV.PathConstant}	Owner (Deprecated)	read
{LV.PathConstant}	Owning VI	read
{LV.PathConstant}	Position	read
{LV.PathConstant}	Position:Left	read
{LV.PathConstant}	Position:Top	read
{LV.PathConstant}	Selected	read
{LV.PathConstant}	Size To Text?	read
{LV.PathConstant}	Terminal	read
{LV.PathConstant}	Tip Strip	read
{LV.PathConstant}	Total Bounds Rect	read
{LV.PathConstant}	Typedef:Path	read
{LV.PathConstant}	Typedef:VI	read
{LV.PathConstant}	Value	read
{LV.Path}	Auto-Update From Typedef	read
{LV.Path}	Bit Accurate Data Size	read
{LV.Path}	Blinking	read
{LV.Path}	Bounds	read
{LV.Path}	Bounds:Area Height	read
{LV.Path}	Bounds:Area Width	read
{LV.Path}	Browse Button:Disabled	read
{LV.Path}	Browse Button:Visible	read
{LV.Path}	Browse Dialog Options (Deprecated)	read
{LV.Path}	Browse Options:Match Pattern	read
{LV.Path}	Browse Options:Pattern Label	read
{LV.Path}	Browse Options:Prompt	read
{LV.Path}	Browse Options:Selection Mode	read
{LV.Path}	Browse Options:Start Path	read
{LV.Path}	Caption	read
{LV.Path}	Class ID	read
{LV.Path}	Class Name	read
{LV.Path}	Control Reference Nodes[]	read
{LV.Path}	DataSocket:Enabled	read
{LV.Path}	DataSocket:LED Visible	read
{LV.Path}	DataSocket:Mode	read
{LV.Path}	DataSocket:Status	read
{LV.Path}	DataSocket:URL	read
{LV.Path}	Default Value	read
{LV.Path}	Description	read
{LV.Path}	Disabled	read
{LV.Path}	Focus Key Binding	read
{LV.Path}	Group Member Refs[]	read
{LV.Path}	Grouped	read
{LV.Path}	Has Caption	read
{LV.Path}	Indicator	read
{LV.Path}	Invoke Nodes[]	read
{LV.Path}	Is On Block Diagram?	read
{LV.Path}	Is On Connector Pane	read
{LV.Path}	Is Typedef?	read
{LV.Path}	Key Focus	read
{LV.Path}	Label	read
{LV.Path}	Latch Value	read
{LV.Path}	Local Variables[]	read
{LV.Path}	Locked	read
{LV.Path}	Master Bounds Rect	read
{LV.Path}	Modified	read
{LV.Path}	Owner (Deprecated)	read
{LV.Path}	Owning VI	read
{LV.Path}	Path Text	read
{LV.Path}	Position	read
{LV.Path}	Position:Left	read
{LV.Path}	Position:Top	read
{LV.Path}	Property Nodes[]	read
{LV.Path}	Selected	read
{LV.Path}	Size	read
{LV.Path}	Skip When Tabbing	read
{LV.Path}	Synchronous Display	read
{LV.Path}	Terminal	read
{LV.Path}	Tip Strip	read
{LV.Path}	Total Bounds Rect	read
{LV.Path}	Type Descriptor	read
{LV.Path}	Typedef:Path	read
{LV.Path}	Typedef:VI	read
{LV.Path}	Value	read
{LV.Path}	Value (Signaling)	write
{LV.Path}	Visible	read
{LV.Path}	Wizard Data	read
{LV.Picture}	Auto-Update From Typedef	read
{LV.Picture}	Bit Accurate Data Size	read
{LV.Picture}	Blinking	read
{LV.Picture}	Bounds	read
{LV.Picture}	Bounds:Area Height	read
{LV.Picture}	Bounds:Area Width	read
{LV.Picture}	Caption	read
{LV.Picture}	Class ID	read
{LV.Picture}	Class Name	read
{LV.Picture}	Control Reference Nodes[]	read
{LV.Picture}	Cursor	read
{LV.Picture}	DataSocket:Enabled	read
{LV.Picture}	DataSocket:LED Visible	read
{LV.Picture}	DataSocket:Mode	read
{LV.Picture}	DataSocket:Status	read
{LV.Picture}	DataSocket:URL	read
{LV.Picture}	Default Value	read
{LV.Picture}	Description	read
{LV.Picture}	Disabled	read
{LV.Picture}	Draw Area Size	read
{LV.Picture}	Erase First	read
{LV.Picture}	Focus Key Binding	read
{LV.Picture}	Group Member Refs[]	read
{LV.Picture}	Grouped	read
{LV.Picture}	Has Caption	read
{LV.Picture}	Indicator	read
{LV.Picture}	Invoke Nodes[]	read
{LV.Picture}	Is On Block Diagram?	read
{LV.Picture}	Is On Connector Pane	read
{LV.Picture}	Is Typedef?	read
{LV.Picture}	Key Focus	read
{LV.Picture}	Label	read
{LV.Picture}	Latch Value	read
{LV.Picture}	Local Variables[]	read
{LV.Picture}	Locked	read
{LV.Picture}	Master Bounds Rect	read
{LV.Picture}	Modified	read
{LV.Picture}	Mouse	read
{LV.Picture}	Origin	read
{LV.Picture}	Owner (Deprecated)	read
{LV.Picture}	Owning VI	read
{LV.Picture}	Position	read
{LV.Picture}	Position:Left	read
{LV.Picture}	Position:Top	read
{LV.Picture}	Property Nodes[]	read
{LV.Picture}	Scrollbars Visible	read
{LV.Picture}	Selected	read
{LV.Picture}	Skip When Tabbing	read
{LV.Picture}	Synchronous Display	read
{LV.Picture}	Terminal	read
{LV.Picture}	Tip Strip	read
{LV.Picture}	Total Bounds Rect	read
{LV.Picture}	Type Descriptor	read
{LV.Picture}	Typedef:Path	read
{LV.Picture}	Typedef:VI	read
{LV.Picture}	Value	read
{LV.Picture}	Value (Signaling)	write
{LV.Picture}	Visible	read
{LV.Picture}	Wizard Data	read
{LV.Picture}	Zoom Factor	read
{LV.Plot}	Bar Plot Style	read
{LV.Plot}	Class ID	read
{LV.Plot}	Class Name	read
{LV.Plot}	Digital Line Style	read
{LV.Plot}	Digital Transition Location	read
{LV.Plot}	Digital Transition Type	read
{LV.Plot}	Fill To	read
{LV.Plot}	Fill/Point Color	read
{LV.Plot}	Is On Block Diagram?	read
{LV.Plot}	Label Format	read
{LV.Plot}	Line Style	read
{LV.Plot}	Line Width	read
{LV.Plot}	Modified	read
{LV.Plot}	Owner (Deprecated)	read
{LV.Plot}	Owning VI	read
{LV.Plot}	Plot Color	read
{LV.Plot}	Plot Info	read
{LV.Plot}	Plot Interpolation	read
{LV.Plot}	Plot Name	read
{LV.Plot}	Point Style	read
{LV.Plot}	Visible	read
{LV.Plot}	X Scale Index	read
{LV.Plot}	Y Scale Index	read
{LV.PolymorphicSubVI}	Bad SubVI Linkage	read
{LV.PolymorphicSubVI}	Bounds	read
{LV.PolymorphicSubVI}	Bounds:Area Height	read
{LV.PolymorphicSubVI}	Bounds:Area Width	read
{LV.PolymorphicSubVI}	Class ID	read
{LV.PolymorphicSubVI}	Class Name	read
{LV.PolymorphicSubVI}	Clump Num	read
{LV.PolymorphicSubVI}	Description	read
{LV.PolymorphicSubVI}	Fire Count	read
{LV.PolymorphicSubVI}	Group Member Refs[]	read
{LV.PolymorphicSubVI}	Grouped	read
{LV.PolymorphicSubVI}	Grow Terms	read
{LV.PolymorphicSubVI}	Icon	read
{LV.PolymorphicSubVI}	Is Asynchronous	read
{LV.PolymorphicSubVI}	Is Break Point Set	read
{LV.PolymorphicSubVI}	Is On Block Diagram?	read
{LV.PolymorphicSubVI}	Label	read
{LV.PolymorphicSubVI}	Locked	read
{LV.PolymorphicSubVI}	Master Bounds Rect	read
{LV.PolymorphicSubVI}	Modified	read
{LV.PolymorphicSubVI}	Owner (Deprecated)	read
{LV.PolymorphicSubVI}	Owning VI	read
{LV.PolymorphicSubVI}	Position	read
{LV.PolymorphicSubVI}	Position:Left	read
{LV.PolymorphicSubVI}	Position:Top	read
{LV.PolymorphicSubVI}	Selected	read
{LV.PolymorphicSubVI}	Short Count	read
{LV.PolymorphicSubVI}	Skip Subroutine Call If Busy	read
{LV.PolymorphicSubVI}	Style	read
{LV.PolymorphicSubVI}	SubVI Setup:Close Front Panel After Call	read
{LV.PolymorphicSubVI}	SubVI Setup:Open Front Panel When Loaded	read
{LV.PolymorphicSubVI}	SubVI Setup:Show Front Panel When Called	read
{LV.PolymorphicSubVI}	SubVI Setup:Suspend When Called	read
{LV.PolymorphicSubVI}	Terminals Visible?	read
{LV.PolymorphicSubVI}	Terminals[]	read
{LV.PolymorphicSubVI}	Total Bounds Rect	read
{LV.PolymorphicSubVI}	VI Name	read
{LV.PolymorphicSubVI}	VI Path	read
{LV.PolymorphicSubVI}	VI Reference	read
{LV.PolymorphicSubVI}	View As Icon	read
{LV.Probe}	Class ID	read
{LV.Probe}	Class Name	read
{LV.Probe}	Is On Block Diagram?	read
{LV.Probe}	Modified	read
{LV.Probe}	Owner (Deprecated)	read
{LV.Probe}	Owning VI	read
{LV.Probe}	Probe VI	read
{LV.Probe}	Wire	read
{LV.PropertyItem}	Bounds	read
{LV.PropertyItem}	Bounds:Area Height	read
{LV.PropertyItem}	Bounds:Area Width	read
{LV.PropertyItem}	Class ID	read
{LV.PropertyItem}	Class Name	read
{LV.PropertyItem}	Group Member Refs[]	read
{LV.PropertyItem}	Grouped	read
{LV.PropertyItem}	Is Default Value	read
{LV.PropertyItem}	Is On Block Diagram?	read
{LV.PropertyItem}	Is Write	read
{LV.PropertyItem}	Locked	read
{LV.PropertyItem}	Master Bounds Rect	read
{LV.PropertyItem}	Modified	read
{LV.PropertyItem}	Owner (Deprecated)	read
{LV.PropertyItem}	Owning VI	read
{LV.PropertyItem}	Position	read
{LV.PropertyItem}	Position:Left	read
{LV.PropertyItem}	Position:Top	read
{LV.PropertyItem}	Property (Deprecated)	read
{LV.PropertyItem}	Selected	read
{LV.PropertyItem}	Terminal	read
{LV.PropertyItem}	Total Bounds Rect	read
{LV.Property}	All Supported Properties (Deprecated)	read
{LV.Property}	Bounds	read
{LV.Property}	Bounds:Area Height	read
{LV.Property}	Bounds:Area Width	read
{LV.Property}	Class	read
{LV.Property}	Class ID	read
{LV.Property}	Class Name	read
{LV.Property}	Clump Num	read
{LV.Property}	Description	read
{LV.Property}	Fire Count	read
{LV.Property}	Group Member Refs[]	read
{LV.Property}	Grouped	read
{LV.Property}	Icon	read
{LV.Property}	Is Asynchronous	read
{LV.Property}	Is Break Point Set	read
{LV.Property}	Is On Block Diagram?	read
{LV.Property}	Label	read
{LV.Property}	Locked	read
{LV.Property}	Master Bounds Rect	read
{LV.Property}	Modified	read
{LV.Property}	Name Format	read
{LV.Property}	Owner (Deprecated)	read
{LV.Property}	Owning VI	read
{LV.Property}	Position	read
{LV.Property}	Position:Left	read
{LV.Property}	Position:Top	read
{LV.Property}	Properties[] (Deprecated)	read
{LV.Property}	Property Items[]	read
{LV.Property}	Selected	read
{LV.Property}	Short Count	read
{LV.Property}	Style	read
{LV.Property}	Terminal Height	read
{LV.Property}	Terminals[]	read
{LV.Property}	Total Bounds Rect	read
{LV.RadioButtonsControl}	All Objects[]	read
{LV.RadioButtonsControl}	Allow No Selection	read
{LV.RadioButtonsControl}	Auto Sizing	read
{LV.RadioButtonsControl}	Auto-Update From Typedef	read
{LV.RadioButtonsControl}	Bit Accurate Data Size	read
{LV.RadioButtonsControl}	Blinking	read
{LV.RadioButtonsControl}	Bounds	read
{LV.RadioButtonsControl}	Bounds:Area Height	read
{LV.RadioButtonsControl}	Bounds:Area Width	read
{LV.RadioButtonsControl}	Caption	read
{LV.RadioButtonsControl}	Class ID	read
{LV.RadioButtonsControl}	Class Name	read
{LV.RadioButtonsControl}	Cluster Size	read
{LV.RadioButtonsControl}	Cluster Size:Height	read
{LV.RadioButtonsControl}	Cluster Size:Width	read
{LV.RadioButtonsControl}	Color	read
{LV.RadioButtonsControl}	Control Reference Nodes[]	read
{LV.RadioButtonsControl}	Controls[]	read
{LV.RadioButtonsControl}	DataSocket:Enabled	read
{LV.RadioButtonsControl}	DataSocket:LED Visible	read
{LV.RadioButtonsControl}	DataSocket:Mode	read
{LV.RadioButtonsControl}	DataSocket:Status	read
{LV.RadioButtonsControl}	DataSocket:URL	read
{LV.RadioButtonsControl}	Decorations[]	read
{LV.RadioButtonsControl}	Default Value	read
{LV.RadioButtonsControl}	Description	read
{LV.RadioButtonsControl}	Disabled	read
{LV.RadioButtonsControl}	Focus Key Binding	read
{LV.RadioButtonsControl}	Group Member Refs[]	read
{LV.RadioButtonsControl}	Grouped	read
{LV.RadioButtonsControl}	Has Caption	read
{LV.RadioButtonsControl}	Indicator	read
{LV.RadioButtonsControl}	Invoke Nodes[]	read
{LV.RadioButtonsControl}	Is On Block Diagram?	read
{LV.RadioButtonsControl}	Is On Connector Pane	read
{LV.RadioButtonsControl}	Is Typedef?	read
{LV.RadioButtonsControl}	Key Focus	read
{LV.RadioButtonsControl}	Label	read
{LV.RadioButtonsControl}	Latch Value	read
{LV.RadioButtonsControl}	Local Variables[]	read
{LV.RadioButtonsControl}	Locked	read
{LV.RadioButtonsControl}	Master Bounds Rect	read
{LV.RadioButtonsControl}	Mechanical Action	read
{LV.RadioButtonsControl}	Modified	read
{LV.RadioButtonsControl}	Owner (Deprecated)	read
{LV.RadioButtonsControl}	Owning VI	read
{LV.RadioButtonsControl}	Position	read
{LV.RadioButtonsControl}	Position:Left	read
{LV.RadioButtonsControl}	Position:Top	read
{LV.RadioButtonsControl}	Property Nodes[]	read
{LV.RadioButtonsControl}	Selected	read
{LV.RadioButtonsControl}	Skip When Tabbing	read
{LV.RadioButtonsControl}	Synchronous Display	read
{LV.RadioButtonsControl}	Terminal	read
{LV.RadioButtonsControl}	Tip Strip	read
{LV.RadioButtonsControl}	Total Bounds Rect	read
{LV.RadioButtonsControl}	Type Descriptor	read
{LV.RadioButtonsControl}	Typedef:Path	read
{LV.RadioButtonsControl}	Typedef:VI	read
{LV.RadioButtonsControl}	Value	read
{LV.RadioButtonsControl}	Value (Signaling)	write
{LV.RadioButtonsControl}	Visible	read
{LV.RadioButtonsControl}	Wizard Data	read
{LV.ReadWriteFile}	Bounds	read
{LV.ReadWriteFile}	Bounds:Area Height	read
{LV.ReadWriteFile}	Bounds:Area Width	read
{LV.ReadWriteFile}	Class ID	read
{LV.ReadWriteFile}	Class Name	read
{LV.ReadWriteFile}	Clump Num	read
{LV.ReadWriteFile}	Convert 4.x data?	read
{LV.ReadWriteFile}	Description	read
{LV.ReadWriteFile}	Fire Count	read
{LV.ReadWriteFile}	Group Member Refs[]	read
{LV.ReadWriteFile}	Grouped	read
{LV.ReadWriteFile}	Has Side Effects?	read
{LV.ReadWriteFile}	Icon	read
{LV.ReadWriteFile}	Is Asynchronous	read
{LV.ReadWriteFile}	Is Break Point Set	read
{LV.ReadWriteFile}	Is On Block Diagram?	read
{LV.ReadWriteFile}	Label	read
{LV.ReadWriteFile}	Locked	read
{LV.ReadWriteFile}	Master Bounds Rect	read
{LV.ReadWriteFile}	Modified	read
{LV.ReadWriteFile}	Owner (Deprecated)	read
{LV.ReadWriteFile}	Owning VI	read
{LV.ReadWriteFile}	Position	read
{LV.ReadWriteFile}	Position:Left	read
{LV.ReadWriteFile}	Position:Top	read
{LV.ReadWriteFile}	Selected	read
{LV.ReadWriteFile}	Short Count	read
{LV.ReadWriteFile}	Style	read
{LV.ReadWriteFile}	Terminals Visible?	read
{LV.ReadWriteFile}	Terminals[]	read
{LV.ReadWriteFile}	Total Bounds Rect	read
{LV.RefNum}	Auto-Update From Typedef	read
{LV.RefNum}	Bit Accurate Data Size	read
{LV.RefNum}	Blinking	read
{LV.RefNum}	Bounds	read
{LV.RefNum}	Bounds:Area Height	read
{LV.RefNum}	Bounds:Area Width	read
{LV.RefNum}	Caption	read
{LV.RefNum}	Class ID	read
{LV.RefNum}	Class Name	read
{LV.RefNum}	Control Reference Nodes[]	read
{LV.RefNum}	DataSocket:Enabled	read
{LV.RefNum}	DataSocket:LED Visible	read
{LV.RefNum}	DataSocket:Mode	read
{LV.RefNum}	DataSocket:Status	read
{LV.RefNum}	DataSocket:URL	read
{LV.RefNum}	Default Value	read
{LV.RefNum}	Description	read
{LV.RefNum}	Disabled	read
{LV.RefNum}	Focus Key Binding	read
{LV.RefNum}	Group Member Refs[]	read
{LV.RefNum}	Grouped	read
{LV.RefNum}	Has Caption	read
{LV.RefNum}	Indicator	read
{LV.RefNum}	Invoke Nodes[]	read
{LV.RefNum}	Is On Block Diagram?	read
{LV.RefNum}	Is On Connector Pane	read
{LV.RefNum}	Is Typedef?	read
{LV.RefNum}	Key Focus	read
{LV.RefNum}	Label	read
{LV.RefNum}	Latch Value	read
{LV.RefNum}	Local Variables[]	read
{LV.RefNum}	Locked	read
{LV.RefNum}	Master Bounds Rect	read
{LV.RefNum}	Modified	read
{LV.RefNum}	Owner (Deprecated)	read
{LV.RefNum}	Owning VI	read
{LV.RefNum}	Position	read
{LV.RefNum}	Position:Left	read
{LV.RefNum}	Position:Top	read
{LV.RefNum}	Property Nodes[]	read
{LV.RefNum}	Selected	read
{LV.RefNum}	Skip When Tabbing	read
{LV.RefNum}	Synchronous Display	read
{LV.RefNum}	Terminal	read
{LV.RefNum}	Tip Strip	read
{LV.RefNum}	Total Bounds Rect	read
{LV.RefNum}	Type Descriptor	read
{LV.RefNum}	Typedef:Path	read
{LV.RefNum}	Typedef:VI	read
{LV.RefNum}	Value	read
{LV.RefNum}	Value (Signaling)	write
{LV.RefNum}	Visible	read
{LV.RefNum}	Wizard Data	read
{LV.RightShiftRegister}	Bounds	read
{LV.RightShiftRegister}	Bounds:Area Height	read
{LV.RightShiftRegister}	Bounds:Area Width	read
{LV.RightShiftRegister}	Class ID	read
{LV.RightShiftRegister}	Class Name	read
{LV.RightShiftRegister}	Group Member Refs[]	read
{LV.RightShiftRegister}	Grouped	read
{LV.RightShiftRegister}	Inside Terminals[]	read
{LV.RightShiftRegister}	Is On Block Diagram?	read
{LV.RightShiftRegister}	Left Registers[]	read
{LV.RightShiftRegister}	Locked	read
{LV.RightShiftRegister}	Master Bounds Rect	read
{LV.RightShiftRegister}	Modified	read
{LV.RightShiftRegister}	Outside Terminal	read
{LV.RightShiftRegister}	Owner (Deprecated)	read
{LV.RightShiftRegister}	Owning VI	read
{LV.RightShiftRegister}	Position	read
{LV.RightShiftRegister}	Position:Left	read
{LV.RightShiftRegister}	Position:Top	read
{LV.RightShiftRegister}	Selected	read
{LV.RightShiftRegister}	Total Bounds Rect	read
{LV.RingConstant}	Auto-Update From Typedef	read
{LV.RingConstant}	Bounds	read
{LV.RingConstant}	Bounds:Area Height	read
{LV.RingConstant}	Bounds:Area Width	read
{LV.RingConstant}	Class ID	read
{LV.RingConstant}	Class Name	read
{LV.RingConstant}	Description	read
{LV.RingConstant}	Digital Display	read
{LV.RingConstant}	Flavor	read
{LV.RingConstant}	Group Member Refs[]	read
{LV.RingConstant}	Grouped	read
{LV.RingConstant}	Is On Block Diagram?	read
{LV.RingConstant}	Is Typedef?	read
{LV.RingConstant}	Items[]	read
{LV.RingConstant}	Label	read
{LV.RingConstant}	Locked	read
{LV.RingConstant}	Master Bounds Rect	read
{LV.RingConstant}	Modified	read
{LV.RingConstant}	Owner (Deprecated)	read
{LV.RingConstant}	Owning VI	read
{LV.RingConstant}	Position	read
{LV.RingConstant}	Position:Left	read
{LV.RingConstant}	Position:Top	read
{LV.RingConstant}	Representation	read
{LV.RingConstant}	Selected	read
{LV.RingConstant}	Strings And Values []	read
{LV.RingConstant}	Terminal	read
{LV.RingConstant}	Tip Strip	read
{LV.RingConstant}	Total Bounds Rect	read
{LV.RingConstant}	Typedef:Path	read
{LV.RingConstant}	Typedef:VI	read
{LV.RingConstant}	Value	read
{LV.RingConstant}	Values []	read
{LV.Ring}	Allow Undefined Values	read
{LV.Ring}	Auto-Update From Typedef	read
{LV.Ring}	Bit Accurate Data Size	read
{LV.Ring}	Blinking	read
{LV.Ring}	Bounds	read
{LV.Ring}	Bounds:Area Height	read
{LV.Ring}	Bounds:Area Width	read
{LV.Ring}	Caption	read
{LV.Ring}	Class ID	read
{LV.Ring}	Class Name	read
{LV.Ring}	Control Reference Nodes[]	read
{LV.Ring}	Data Entry Limits	read
{LV.Ring}	Data Entry Limits:Increment	read
{LV.Ring}	Data Entry Limits:Maximum	read
{LV.Ring}	Data Entry Limits:Minimum	read
{LV.Ring}	DataSocket:Enabled	read
{LV.Ring}	DataSocket:LED Visible	read
{LV.Ring}	DataSocket:Mode	read
{LV.Ring}	DataSocket:Status	read
{LV.Ring}	DataSocket:URL	read
{LV.Ring}	Default Value	read
{LV.Ring}	Description	read
{LV.Ring}	Digital Display	read
{LV.Ring}	Disabled	read
{LV.Ring}	Disabled Items []	read
{LV.Ring}	Flavor	read
{LV.Ring}	Focus Key Binding	read
{LV.Ring}	Group Member Refs[]	read
{LV.Ring}	Grouped	read
{LV.Ring}	Has Caption	read
{LV.Ring}	Indicator	read
{LV.Ring}	Invoke Nodes[]	read
{LV.Ring}	Is On Block Diagram?	read
{LV.Ring}	Is On Connector Pane	read
{LV.Ring}	Is Typedef?	read
{LV.Ring}	Key Focus	read
{LV.Ring}	Label	read
{LV.Ring}	Latch Value	read
{LV.Ring}	Local Variables[]	read
{LV.Ring}	Locked	read
{LV.Ring}	Master Bounds Rect	read
{LV.Ring}	Modified	read
{LV.Ring}	Named Numeric Colors	read
{LV.Ring}	Named Numeric Colors:BG Color	read
{LV.Ring}	Named Numeric Colors:Text Color	read
{LV.Ring}	Named Numeric Font	read
{LV.Ring}	Named Numeric Font:Bold	read
{LV.Ring}	Named Numeric Font:Color	read
{LV.Ring}	Named Numeric Font:Italic	read
{LV.Ring}	Named Numeric Font:Name	read
{LV.Ring}	Named Numeric Font:Size	read
{LV.Ring}	Named Numeric Font:Strikeout	read
{LV.Ring}	Named Numeric Font:Underline	read
{LV.Ring}	Named Numeric Size	read
{LV.Ring}	Number of Items	read
{LV.Ring}	Owner (Deprecated)	read
{LV.Ring}	Owning VI	read
{LV.Ring}	Position	read
{LV.Ring}	Position:Left	read
{LV.Ring}	Position:Top	read
{LV.Ring}	Property Nodes[]	read
{LV.Ring}	Representation	read
{LV.Ring}	Response to Value Outside Limits	read
{LV.Ring}	Response to Value Outside Limits:Increment	read
{LV.Ring}	Response to Value Outside Limits:Maximum	read
{LV.Ring}	Response to Value Outside Limits:Minimum	read
{LV.Ring}	Ring Text	read
{LV.Ring}	Selected	read
{LV.Ring}	Skip When Tabbing	read
{LV.Ring}	Strings And Values []	read
{LV.Ring}	Strings []	read
{LV.Ring}	Synchronous Display	read
{LV.Ring}	Terminal	read
{LV.Ring}	Tip Strip	read
{LV.Ring}	Total Bounds Rect	read
{LV.Ring}	Type Descriptor	read
{LV.Ring}	Typedef:Path	read
{LV.Ring}	Typedef:VI	read
{LV.Ring}	Unit Label	read
{LV.Ring}	Value	read
{LV.Ring}	Value (Signaling)	write
{LV.Ring}	Values []	read
{LV.Ring}	Visible	read
{LV.Ring}	Wizard Data	read
{LV.RotaryColorScale}	Bounds	read
{LV.RotaryColorScale}	Bounds:Area Height	read
{LV.RotaryColorScale}	Bounds:Area Width	read
{LV.RotaryColorScale}	Class ID	read
{LV.RotaryColorScale}	Class Name	read
{LV.RotaryColorScale}	Display Format	read
{LV.RotaryColorScale}	Display Format:Format	read
{LV.RotaryColorScale}	Display Format:Precision	read
{LV.RotaryColorScale}	Editable	read
{LV.RotaryColorScale}	Flipped	read
{LV.RotaryColorScale}	Format String	read
{LV.RotaryColorScale}	Group Member Refs[]	read
{LV.RotaryColorScale}	Grouped	read
{LV.RotaryColorScale}	High Color	read
{LV.RotaryColorScale}	Interpolate Color	read
{LV.RotaryColorScale}	Is On Block Diagram?	read
{LV.RotaryColorScale}	Locked	read
{LV.RotaryColorScale}	Low Color	read
{LV.RotaryColorScale}	Mapping Mode	read
{LV.RotaryColorScale}	Marker	read
{LV.RotaryColorScale}	Marker Colors	read
{LV.RotaryColorScale}	Marker Colors:BG Color	read
{LV.RotaryColorScale}	Marker Colors:Text Color	read
{LV.RotaryColorScale}	Marker Values[]	read
{LV.RotaryColorScale}	Master Bounds Rect	read
{LV.RotaryColorScale}	Modified	read
{LV.RotaryColorScale}	Owner (Deprecated)	read
{LV.RotaryColorScale}	Owning VI	read
{LV.RotaryColorScale}	Position	read
{LV.RotaryColorScale}	Position:Left	read
{LV.RotaryColorScale}	Position:Top	read
{LV.RotaryColorScale}	Ramp Visible	read
{LV.RotaryColorScale}	Range	read
{LV.RotaryColorScale}	Range:Increment	read
{LV.RotaryColorScale}	Range:Maximum	read
{LV.RotaryColorScale}	Range:Minimum	read
{LV.RotaryColorScale}	Range:Minor Increment	read
{LV.RotaryColorScale}	Range:Start	read
{LV.RotaryColorScale}	Scale Position	read
{LV.RotaryColorScale}	Scale Position:Range	read
{LV.RotaryColorScale}	Scale Position:Start	read
{LV.RotaryColorScale}	Selected	read
{LV.RotaryColorScale}	Style	read
{LV.RotaryColorScale}	Tick Colors:Minor Tick Color	read
{LV.RotaryColorScale}	Tick Colors:Tick Color	read
{LV.RotaryColorScale}	Total Bounds Rect	read
{LV.RotaryColorScale}	Uniform Marker Spacing?	read
{LV.RotaryColorScale}	Visible	read
{LV.Scale}	Bounds	read
{LV.Scale}	Bounds:Area Height	read
{LV.Scale}	Bounds:Area Width	read
{LV.Scale}	Class ID	read
{LV.Scale}	Class Name	read
{LV.Scale}	Display Format	read
{LV.Scale}	Display Format:Format	read
{LV.Scale}	Display Format:Precision	read
{LV.Scale}	Editable	read
{LV.Scale}	Flipped	read
{LV.Scale}	Format String	read
{LV.Scale}	Group Member Refs[]	read
{LV.Scale}	Grouped	read
{LV.Scale}	Is On Block Diagram?	read
{LV.Scale}	Locked	read
{LV.Scale}	Mapping Mode	read
{LV.Scale}	Marker	read
{LV.Scale}	Marker Colors	read
{LV.Scale}	Marker Colors:BG Color	read
{LV.Scale}	Marker Colors:Text Color	read
{LV.Scale}	Master Bounds Rect	read
{LV.Scale}	Modified	read
{LV.Scale}	Owner (Deprecated)	read
{LV.Scale}	Owning VI	read
{LV.Scale}	Position	read
{LV.Scale}	Position:Left	read
{LV.Scale}	Position:Top	read
{LV.Scale}	Range	read
{LV.Scale}	Range:Increment	read
{LV.Scale}	Range:Maximum	read
{LV.Scale}	Range:Minimum	read
{LV.Scale}	Range:Minor Increment	read
{LV.Scale}	Range:Start	read
{LV.Scale}	Selected	read
{LV.Scale}	Style	read
{LV.Scale}	Tick Colors:Minor Tick Color	read
{LV.Scale}	Tick Colors:Tick Color	read
{LV.Scale}	Total Bounds Rect	read
{LV.Scale}	Uniform Marker Spacing?	read
{LV.Scale}	Visible	read
{LV.ScriptNodeParameter}	Bounds	read
{LV.ScriptNodeParameter}	Bounds:Area Height	read
{LV.ScriptNodeParameter}	Bounds:Area Width	read
{LV.ScriptNodeParameter}	Class ID	read
{LV.ScriptNodeParameter}	Class Name	read
{LV.ScriptNodeParameter}	Group Member Refs[]	read
{LV.ScriptNodeParameter}	Grouped	read
{LV.ScriptNodeParameter}	Input?	read
{LV.ScriptNodeParameter}	Is On Block Diagram?	read
{LV.ScriptNodeParameter}	Locked	read
{LV.ScriptNodeParameter}	Master Bounds Rect	read
{LV.ScriptNodeParameter}	Modified	read
{LV.ScriptNodeParameter}	Name	read
{LV.ScriptNodeParameter}	Owner (Deprecated)	read
{LV.ScriptNodeParameter}	Owning VI	read
{LV.ScriptNodeParameter}	Position	read
{LV.ScriptNodeParameter}	Position:Left	read
{LV.ScriptNodeParameter}	Position:Top	read
{LV.ScriptNodeParameter}	Selected	read
{LV.ScriptNodeParameter}	Terminal	read
{LV.ScriptNodeParameter}	Total Bounds Rect	read
{LV.ScriptNodeParameter}	Type	read
{LV.ScriptNode}	Bounds	read
{LV.ScriptNode}	Bounds:Area Height	read
{LV.ScriptNode}	Bounds:Area Width	read
{LV.ScriptNode}	Class ID	read
{LV.ScriptNode}	Class Name	read
{LV.ScriptNode}	Clump Num	read
{LV.ScriptNode}	Description	read
{LV.ScriptNode}	Fire Count	read
{LV.ScriptNode}	Formula Expression	read
{LV.ScriptNode}	Group Member Refs[]	read
{LV.ScriptNode}	Grouped	read
{LV.ScriptNode}	Icon	read
{LV.ScriptNode}	Is Asynchronous	read
{LV.ScriptNode}	Is Break Point Set	read
{LV.ScriptNode}	Is On Block Diagram?	read
{LV.ScriptNode}	Label	read
{LV.ScriptNode}	Locked	read
{LV.ScriptNode}	Master Bounds Rect	read
{LV.ScriptNode}	Modified	read
{LV.ScriptNode}	Owner (Deprecated)	read
{LV.ScriptNode}	Owning VI	read
{LV.ScriptNode}	Position	read
{LV.ScriptNode}	Position:Left	read
{LV.ScriptNode}	Position:Top	read
{LV.ScriptNode}	Scrollbar Visible?	read
{LV.ScriptNode}	Selected	read
{LV.ScriptNode}	Short Count	read
{LV.ScriptNode}	Style	read
{LV.ScriptNode}	Terminals[]	read
{LV.ScriptNode}	Total Bounds Rect	read
{LV.SequenceLocal}	Class ID	read
{LV.SequenceLocal}	Class Name	read
{LV.SequenceLocal}	Is On Block Diagram?	read
{LV.SequenceLocal}	Modified	read
{LV.SequenceLocal}	Owner (Deprecated)	read
{LV.SequenceLocal}	Owning VI	read
{LV.SequenceLocal}	Terminals[]	read
{LV.Sequence}	AutoSize To Fit Contents?	read
{LV.Sequence}	Bounds	read
{LV.Sequence}	Bounds:Area Height	read
{LV.Sequence}	Bounds:Area Width	read
{LV.Sequence}	Class ID	read
{LV.Sequence}	Class Name	read
{LV.Sequence}	Clump Num	read
{LV.Sequence}	Description	read
{LV.Sequence}	Diagrams[]	read
{LV.Sequence}	Fire Count	read
{LV.Sequence}	Frame Selector Rect	read
{LV.Sequence}	Frame Size	read
{LV.Sequence}	Frames[]	read
{LV.Sequence}	Group Member Refs[]	read
{LV.Sequence}	Grouped	read
{LV.Sequence}	Icon	read
{LV.Sequence}	Is Asynchronous	read
{LV.Sequence}	Is Break Point Set	read
{LV.Sequence}	Is On Block Diagram?	read
{LV.Sequence}	Label	read
{LV.Sequence}	Locked	read
{LV.Sequence}	Master Bounds Rect	read
{LV.Sequence}	Modified	read
{LV.Sequence}	Owner (Deprecated)	read
{LV.Sequence}	Owning VI	read
{LV.Sequence}	Position	read
{LV.Sequence}	Position:Left	read
{LV.Sequence}	Position:Top	read
{LV.Sequence}	Selected	read
{LV.Sequence}	Sequence Locals[]	read
{LV.Sequence}	Short Count	read
{LV.Sequence}	Style	read
{LV.Sequence}	Terminals[]	read
{LV.Sequence}	Total Bounds Rect	read
{LV.Sequence}	Tunnels[]	read
{LV.Sequence}	Visible Frame	read
{LV.SimDiagram}	All Objects[]	read
{LV.SimDiagram}	Bounds	read
{LV.SimDiagram}	Bounds:Area Height	read
{LV.SimDiagram}	Bounds:Area Width	read
{LV.SimDiagram}	Class ID	read
{LV.SimDiagram}	Class Name	read
{LV.SimDiagram}	Color	read
{LV.SimDiagram}	CompanionDiag	read
{LV.SimDiagram}	Decorations[]	read
{LV.SimDiagram}	FeedthroughMap	read
{LV.SimDiagram}	Firing Order	read
{LV.SimDiagram}	Functions[]	read
{LV.SimDiagram}	Group Member Refs[]	read
{LV.SimDiagram}	Grouped	read
{LV.SimDiagram}	Is Break Point Set	read
{LV.SimDiagram}	Is On Block Diagram?	read
{LV.SimDiagram}	Locked	read
{LV.SimDiagram}	Master Bounds Rect	read
{LV.SimDiagram}	Modified	read
{LV.SimDiagram}	Owner (Deprecated)	read
{LV.SimDiagram}	Owning VI	read
{LV.SimDiagram}	Position	read
{LV.SimDiagram}	Position:Left	read
{LV.SimDiagram}	Position:Top	read
{LV.SimDiagram}	Selected	read
{LV.SimDiagram}	SimulationParameters	read
{LV.SimDiagram}	SubVIs[]	read
{LV.SimDiagram}	Total Bounds Rect	read
{LV.SimDiagram}	Visible Bounds	read
{LV.SimDiagram}	Wires[]	read
{LV.SimDiagram}	additionalSimulationPrivateData	read
{LV.SimulationDCO}	Bounds	read
{LV.SimulationDCO}	Bounds:Area Height	read
{LV.SimulationDCO}	Bounds:Area Width	read
{LV.SimulationDCO}	Class ID	read
{LV.SimulationDCO}	Class Name	read
{LV.SimulationDCO}	Group Member Refs[]	read
{LV.SimulationDCO}	Grouped	read
{LV.SimulationDCO}	InsideTerm	read
{LV.SimulationDCO}	Is On Block Diagram?	read
{LV.SimulationDCO}	Locked	read
{LV.SimulationDCO}	Master Bounds Rect	read
{LV.SimulationDCO}	Modified	read
{LV.SimulationDCO}	OutsideTerm	read
{LV.SimulationDCO}	Owner (Deprecated)	read
{LV.SimulationDCO}	Owning VI	read
{LV.SimulationDCO}	Position	read
{LV.SimulationDCO}	Position:Left	read
{LV.SimulationDCO}	Position:Top	read
{LV.SimulationDCO}	Selected	read
{LV.SimulationDCO}	Total Bounds Rect	read
{LV.SimulationNode}	AutoSize To Fit Contents?	read
{LV.SimulationNode}	Bounds	read
{LV.SimulationNode}	Bounds:Area Height	read
{LV.SimulationNode}	Bounds:Area Width	read
{LV.SimulationNode}	Class ID	read
{LV.SimulationNode}	Class Name	read
{LV.SimulationNode}	Clump Num	read
{LV.SimulationNode}	Description	read
{LV.SimulationNode}	Diagrams[]	read
{LV.SimulationNode}	Fire Count	read
{LV.SimulationNode}	Frame Size	read
{LV.SimulationNode}	Group Member Refs[]	read
{LV.SimulationNode}	Grouped	read
{LV.SimulationNode}	Icon	read
{LV.SimulationNode}	Is Asynchronous	read
{LV.SimulationNode}	Is Break Point Set	read
{LV.SimulationNode}	Is On Block Diagram?	read
{LV.SimulationNode}	Label	read
{LV.SimulationNode}	Locked	read
{LV.SimulationNode}	Master Bounds Rect	read
{LV.SimulationNode}	Modified	read
{LV.SimulationNode}	Owner (Deprecated)	read
{LV.SimulationNode}	Owning VI	read
{LV.SimulationNode}	Position	read
{LV.SimulationNode}	Position:Left	read
{LV.SimulationNode}	Position:Top	read
{LV.SimulationNode}	Selected	read
{LV.SimulationNode}	Short Count	read
{LV.SimulationNode}	SimNode Error In	read
{LV.SimulationNode}	SimNode ErrorOut	read
{LV.SimulationNode}	SimNode Parameters	read
{LV.SimulationNode}	Style	read
{LV.SimulationNode}	Terminals[]	read
{LV.SimulationNode}	Total Bounds Rect	read
{LV.SimulationNode}	Tunnels[]	read
{LV.SlideScale}	Bounds	read
{LV.SlideScale}	Bounds:Area Height	read
{LV.SlideScale}	Bounds:Area Width	read
{LV.SlideScale}	Class ID	read
{LV.SlideScale}	Class Name	read
{LV.SlideScale}	Display Format	read
{LV.SlideScale}	Display Format:Format	read
{LV.SlideScale}	Display Format:Precision	read
{LV.SlideScale}	Editable	read
{LV.SlideScale}	Flipped	read
{LV.SlideScale}	Format String	read
{LV.SlideScale}	Group Member Refs[]	read
{LV.SlideScale}	Grouped	read
{LV.SlideScale}	Is On Block Diagram?	read
{LV.SlideScale}	Locked	read
{LV.SlideScale}	Mapping Mode	read
{LV.SlideScale}	Marker	read
{LV.SlideScale}	Marker Colors	read
{LV.SlideScale}	Marker Colors:BG Color	read
{LV.SlideScale}	Marker Colors:Text Color	read
{LV.SlideScale}	Marker Values[]	read
{LV.SlideScale}	Master Bounds Rect	read
{LV.SlideScale}	Modified	read
{LV.SlideScale}	Owner (Deprecated)	read
{LV.SlideScale}	Owning VI	read
{LV.SlideScale}	Position	read
{LV.SlideScale}	Position:Left	read
{LV.SlideScale}	Position:Top	read
{LV.SlideScale}	Range	read
{LV.SlideScale}	Range:Increment	read
{LV.SlideScale}	Range:Maximum	read
{LV.SlideScale}	Range:Minimum	read
{LV.SlideScale}	Range:Minor Increment	read
{LV.SlideScale}	Range:Start	read
{LV.SlideScale}	Selected	read
{LV.SlideScale}	Style	read
{LV.SlideScale}	Tick Colors:Minor Tick Color	read
{LV.SlideScale}	Tick Colors:Tick Color	read
{LV.SlideScale}	Total Bounds Rect	read
{LV.SlideScale}	Uniform Marker Spacing?	read
{LV.SlideScale}	Visible	read
{LV.Slide}	Active Slider	read
{LV.Slide}	Auto-Update From Typedef	read
{LV.Slide}	Bit Accurate Data Size	read
{LV.Slide}	Blinking	read
{LV.Slide}	Bounds	read
{LV.Slide}	Bounds:Area Height	read
{LV.Slide}	Bounds:Area Width	read
{LV.Slide}	Caption	read
{LV.Slide}	Class ID	read
{LV.Slide}	Class Name	read
{LV.Slide}	Control Reference Nodes[]	read
{LV.Slide}	Data Entry Limits	read
{LV.Slide}	Data Entry Limits:Increment	read
{LV.Slide}	Data Entry Limits:Maximum	read
{LV.Slide}	Data Entry Limits:Minimum	read
{LV.Slide}	DataSocket:Enabled	read
{LV.Slide}	DataSocket:LED Visible	read
{LV.Slide}	DataSocket:Mode	read
{LV.Slide}	DataSocket:Status	read
{LV.Slide}	DataSocket:URL	read
{LV.Slide}	Default Value	read
{LV.Slide}	Description	read
{LV.Slide}	Digital Displays[]	read
{LV.Slide}	Disabled	read
{LV.Slide}	Fill Color	read
{LV.Slide}	Fill Style	read
{LV.Slide}	Focus Key Binding	read
{LV.Slide}	Group Member Refs[]	read
{LV.Slide}	Grouped	read
{LV.Slide}	Has Caption	read
{LV.Slide}	Housing Colors	read
{LV.Slide}	Housing Size	read
{LV.Slide}	Indicator	read
{LV.Slide}	Invoke Nodes[]	read
{LV.Slide}	Is On Block Diagram?	read
{LV.Slide}	Is On Connector Pane	read
{LV.Slide}	Is Typedef?	read
{LV.Slide}	Key Focus	read
{LV.Slide}	Label	read
{LV.Slide}	Latch Value	read
{LV.Slide}	Local Variables[]	read
{LV.Slide}	Locked	read
{LV.Slide}	Master Bounds Rect	read
{LV.Slide}	Modified	read
{LV.Slide}	Num Of Sliders	read
{LV.Slide}	Owner (Deprecated)	read
{LV.Slide}	Owning VI	read
{LV.Slide}	Position	read
{LV.Slide}	Position:Left	read
{LV.Slide}	Position:Top	read
{LV.Slide}	Property Nodes[]	read
{LV.Slide}	Representation	read
{LV.Slide}	Response to Value Outside Limits	read
{LV.Slide}	Response to Value Outside Limits:Increment	read
{LV.Slide}	Response to Value Outside Limits:Maximum	read
{LV.Slide}	Response to Value Outside Limits:Minimum	read
{LV.Slide}	Scale	read
{LV.Slide}	Scale Info	read
{LV.Slide}	Selected	read
{LV.Slide}	Skip When Tabbing	read
{LV.Slide}	Slider Colors	read
{LV.Slide}	Slider Colors:BG Color	read
{LV.Slide}	Slider Colors:FG Color	read
{LV.Slide}	Synchronous Display	read
{LV.Slide}	Terminal	read
{LV.Slide}	Text Labels Visible?	read
{LV.Slide}	Text Labels[]	read
{LV.Slide}	Tip Strip	read
{LV.Slide}	Total Bounds Rect	read
{LV.Slide}	Type Descriptor	read
{LV.Slide}	Typedef:Path	read
{LV.Slide}	Typedef:VI	read
{LV.Slide}	Unit Label	read
{LV.Slide}	Value	read
{LV.Slide}	Value (Signaling)	write
{LV.Slide}	Visible	read
{LV.Slide}	Wizard Data	read
{LV.StateDiagramWizard}	Class ID	read
{LV.StateDiagramWizard}	Class Name	read
{LV.StateDiagramWizard}	Is On Block Diagram?	read
{LV.StateDiagramWizard}	Master Enum	read
{LV.StateDiagramWizard}	Modified	read
{LV.StateDiagramWizard}	Owner (Deprecated)	read
{LV.StateDiagramWizard}	Owning VI	read
{LV.StateDiagramWizard}	State Case	read
{LV.StateDiagramWizard}	State Loop	read
{LV.StateDiagramWizard}	StateOutputTunnel	read
{LV.StateDiagramWizard}	StopCodeEnum	read
{LV.StateDiagramWizard}	SubVIConfig	read
{LV.StateDiagramWizard}	_Quit_StateEnum	read
{LV.StaticVIReference}	Bounds	read
{LV.StaticVIReference}	Bounds:Area Height	read
{LV.StaticVIReference}	Bounds:Area Width	read
{LV.StaticVIReference}	Class ID	read
{LV.StaticVIReference}	Class Name	read
{LV.StaticVIReference}	Clump Num	read
{LV.StaticVIReference}	Description	read
{LV.StaticVIReference}	Fire Count	read
{LV.StaticVIReference}	Group Member Refs[]	read
{LV.StaticVIReference}	Grouped	read
{LV.StaticVIReference}	Icon	read
{LV.StaticVIReference}	Is Asynchronous	read
{LV.StaticVIReference}	Is Break Point Set	read
{LV.StaticVIReference}	Is On Block Diagram?	read
{LV.StaticVIReference}	Label	read
{LV.StaticVIReference}	Locked	read
{LV.StaticVIReference}	Master Bounds Rect	read
{LV.StaticVIReference}	Modified	read
{LV.StaticVIReference}	Owner (Deprecated)	read
{LV.StaticVIReference}	Owning VI	read
{LV.StaticVIReference}	Position	read
{LV.StaticVIReference}	Position:Left	read
{LV.StaticVIReference}	Position:Top	read
{LV.StaticVIReference}	Selected	read
{LV.StaticVIReference}	Short Count	read
{LV.StaticVIReference}	Style	read
{LV.StaticVIReference}	Terminals[]	read
{LV.StaticVIReference}	Total Bounds Rect	read
{LV.StaticVIReference}	VI Name	read
{LV.StaticVIReference}	VI Path	read
{LV.StringConstant}	Auto-Update From Typedef	read
{LV.StringConstant}	Bounds	read
{LV.StringConstant}	Bounds:Area Height	read
{LV.StringConstant}	Bounds:Area Width	read
{LV.StringConstant}	Class ID	read
{LV.StringConstant}	Class Name	read
{LV.StringConstant}	Description	read
{LV.StringConstant}	Display Style	read
{LV.StringConstant}	Group Member Refs[]	read
{LV.StringConstant}	Grouped	read
{LV.StringConstant}	Is On Block Diagram?	read
{LV.StringConstant}	Is Typedef?	read
{LV.StringConstant}	Label	read
{LV.StringConstant}	Limit To Single Line?	read
{LV.StringConstant}	Locked	read
{LV.StringConstant}	Master Bounds Rect	read
{LV.StringConstant}	Modified	read
{LV.StringConstant}	Owner (Deprecated)	read
{LV.StringConstant}	Owning VI	read
{LV.StringConstant}	Position	read
{LV.StringConstant}	Position:Left	read
{LV.StringConstant}	Position:Top	read
{LV.StringConstant}	Prealloc Length	read
{LV.StringConstant}	Scrollbar Visible?	read
{LV.StringConstant}	Selected	read
{LV.StringConstant}	Size To Text?	read
{LV.StringConstant}	Terminal	read
{LV.StringConstant}	Tip Strip	read
{LV.StringConstant}	Total Bounds Rect	read
{LV.StringConstant}	Typedef:Path	read
{LV.StringConstant}	Typedef:VI	read
{LV.StringConstant}	Value	read
{LV.String}	Auto-Update From Typedef	read
{LV.String}	Bit Accurate Data Size	read
{LV.String}	Blinking	read
{LV.String}	Bounds	read
{LV.String}	Bounds:Area Height	read
{LV.String}	Bounds:Area Width	read
{LV.String}	Caption	read
{LV.String}	Class ID	read
{LV.String}	Class Name	read
{LV.String}	Control Reference Nodes[]	read
{LV.String}	DataSocket:Enabled	read
{LV.String}	DataSocket:LED Visible	read
{LV.String}	DataSocket:Mode	read
{LV.String}	DataSocket:Status	read
{LV.String}	DataSocket:URL	read
{LV.String}	Default Value	read
{LV.String}	Description	read
{LV.String}	Disabled	read
{LV.String}	Display Style	read
{LV.String}	Focus Key Binding	read
{LV.String}	Force Unicode Text	read
{LV.String}	Group Member Refs[]	read
{LV.String}	Grouped	read
{LV.String}	Has Caption	read
{LV.String}	Indicator	read
{LV.String}	Invoke Nodes[]	read
{LV.String}	Is On Block Diagram?	read
{LV.String}	Is On Connector Pane	read
{LV.String}	Is Typedef?	read
{LV.String}	Key Focus	read
{LV.String}	Label	read
{LV.String}	Latch Value	read
{LV.String}	Limit To Single Line?	read
{LV.String}	Local Variables[]	read
{LV.String}	Locked	read
{LV.String}	Master Bounds Rect	read
{LV.String}	Modified	read
{LV.String}	Owner (Deprecated)	read
{LV.String}	Owning VI	read
{LV.String}	Position	read
{LV.String}	Position:Left	read
{LV.String}	Position:Top	read
{LV.String}	Prealloc Length	read
{LV.String}	Property Nodes[]	read
{LV.String}	Scrollbar Visible	read
{LV.String}	Selected	read
{LV.String}	Size	read
{LV.String}	Skip When Tabbing	read
{LV.String}	Synchronous Display	read
{LV.String}	Terminal	read
{LV.String}	Text	read
{LV.String}	Tip Strip	read
{LV.String}	Total Bounds Rect	read
{LV.String}	Type Descriptor	read
{LV.String}	Typedef:Path	read
{LV.String}	Typedef:VI	read
{LV.String}	Update While Typing?	read
{LV.String}	Value	read
{LV.String}	Value (Signaling)	write
{LV.String}	Visible	read
{LV.String}	Wizard Data	read
{LV.Structure}	AutoSize To Fit Contents?	read
{LV.Structure}	Bounds	read
{LV.Structure}	Bounds:Area Height	read
{LV.Structure}	Bounds:Area Width	read
{LV.Structure}	Class ID	read
{LV.Structure}	Class Name	read
{LV.Structure}	Clump Num	read
{LV.Structure}	Description	read
{LV.Structure}	Diagrams[]	read
{LV.Structure}	Fire Count	read
{LV.Structure}	Frame Size	read
{LV.Structure}	Group Member Refs[]	read
{LV.Structure}	Grouped	read
{LV.Structure}	Icon	read
{LV.Structure}	Is Asynchronous	read
{LV.Structure}	Is Break Point Set	read
{LV.Structure}	Is On Block Diagram?	read
{LV.Structure}	Label	read
{LV.Structure}	Locked	read
{LV.Structure}	Master Bounds Rect	read
{LV.Structure}	Modified	read
{LV.Structure}	Owner (Deprecated)	read
{LV.Structure}	Owning VI	read
{LV.Structure}	Position	read
{LV.Structure}	Position:Left	read
{LV.Structure}	Position:Top	read
{LV.Structure}	Selected	read
{LV.Structure}	Short Count	read
{LV.Structure}	Style	read
{LV.Structure}	Terminals[]	read
{LV.Structure}	Total Bounds Rect	read
{LV.Structure}	Tunnels[]	read
{LV.SubPanel}	Allow User to Open Diagram	read
{LV.SubPanel}	Auto-Update From Typedef	read
{LV.SubPanel}	Bit Accurate Data Size	read
{LV.SubPanel}	Blinking	read
{LV.SubPanel}	Bounds	read
{LV.SubPanel}	Bounds:Area Height	read
{LV.SubPanel}	Bounds:Area Width	read
{LV.SubPanel}	Caption	read
{LV.SubPanel}	Class ID	read
{LV.SubPanel}	Class Name	read
{LV.SubPanel}	Container Bounds	read
{LV.SubPanel}	Control Reference Nodes[]	read
{LV.SubPanel}	DataSocket:Enabled	read
{LV.SubPanel}	DataSocket:LED Visible	read
{LV.SubPanel}	DataSocket:Mode	read
{LV.SubPanel}	DataSocket:Status	read
{LV.SubPanel}	DataSocket:URL	read
{LV.SubPanel}	Default Value	read
{LV.SubPanel}	Description	read
{LV.SubPanel}	Disabled	read
{LV.SubPanel}	Focus Key Binding	read
{LV.SubPanel}	Group Member Refs[]	read
{LV.SubPanel}	Grouped	read
{LV.SubPanel}	Has Caption	read
{LV.SubPanel}	Indicator	read
{LV.SubPanel}	Invoke Nodes[]	read
{LV.SubPanel}	Is On Block Diagram?	read
{LV.SubPanel}	Is On Connector Pane	read
{LV.SubPanel}	Is Typedef?	read
{LV.SubPanel}	Key Focus	read
{LV.SubPanel}	Label	read
{LV.SubPanel}	Latch Value	read
{LV.SubPanel}	Local Variables[]	read
{LV.SubPanel}	Locked	read
{LV.SubPanel}	Master Bounds Rect	read
{LV.SubPanel}	Modified	read
{LV.SubPanel}	Owner (Deprecated)	read
{LV.SubPanel}	Owning VI	read
{LV.SubPanel}	Panel Transparent	read
{LV.SubPanel}	Position	read
{LV.SubPanel}	Position:Left	read
{LV.SubPanel}	Position:Top	read
{LV.SubPanel}	Property Nodes[]	read
{LV.SubPanel}	Scale Panel	read
{LV.SubPanel}	Selected	read
{LV.SubPanel}	Skip When Tabbing	read
{LV.SubPanel}	Synchronous Display	read
{LV.SubPanel}	Terminal	read
{LV.SubPanel}	Tip Strip	read
{LV.SubPanel}	Total Bounds Rect	read
{LV.SubPanel}	Type Descriptor	read
{LV.SubPanel}	Typedef:Path	read
{LV.SubPanel}	Typedef:VI	read
{LV.SubPanel}	Value	read
{LV.SubPanel}	Value (Signaling)	write
{LV.SubPanel}	Visible	read
{LV.SubPanel}	Wizard Data	read
{LV.SubPanel}	X Scrollbar Visible	read
{LV.SubPanel}	Y Scrollbar Visible	read
{LV.SubVI}	Bad SubVI Linkage	read
{LV.SubVI}	Bounds	read
{LV.SubVI}	Bounds:Area Height	read
{LV.SubVI}	Bounds:Area Width	read
{LV.SubVI}	Class ID	read
{LV.SubVI}	Class Name	read
{LV.SubVI}	Clump Num	read
{LV.SubVI}	Description	read
{LV.SubVI}	Fire Count	read
{LV.SubVI}	Group Member Refs[]	read
{LV.SubVI}	Grouped	read
{LV.SubVI}	Grow Terms	read
{LV.SubVI}	Icon	read
{LV.SubVI}	Is Asynchronous	read
{LV.SubVI}	Is Break Point Set	read
{LV.SubVI}	Is On Block Diagram?	read
{LV.SubVI}	Label	read
{LV.SubVI}	Locked	read
{LV.SubVI}	Master Bounds Rect	read
{LV.SubVI}	Modified	read
{LV.SubVI}	Owner (Deprecated)	read
{LV.SubVI}	Owning VI	read
{LV.SubVI}	Position	read
{LV.SubVI}	Position:Left	read
{LV.SubVI}	Position:Top	read
{LV.SubVI}	Selected	read
{LV.SubVI}	Short Count	read
{LV.SubVI}	Skip Subroutine Call If Busy	read
{LV.SubVI}	Style	read
{LV.SubVI}	SubVI Setup:Close Front Panel After Call	read
{LV.SubVI}	SubVI Setup:Open Front Panel When Loaded	read
{LV.SubVI}	SubVI Setup:Show Front Panel When Called	read
{LV.SubVI}	SubVI Setup:Suspend When Called	read
{LV.SubVI}	Terminals Visible?	read
{LV.SubVI}	Terminals[]	read
{LV.SubVI}	Total Bounds Rect	read
{LV.SubVI}	VI Name	read
{LV.SubVI}	VI Path	read
{LV.SubVI}	VI Reference	read
{LV.SubVI}	View As Icon	read
{LV.SubWizard}	Class ID	read
{LV.SubWizard}	Class Name	read
{LV.SubWizard}	Is On Block Diagram?	read
{LV.SubWizard}	Modified	read
{LV.SubWizard}	Owner (Deprecated)	read
{LV.SubWizard}	Owning VI	read
{LV.TabControl}	Allow Multiple Colors	read
{LV.TabControl}	Allow Multiple Rows	read
{LV.TabControl}	Auto-Update From Typedef	read
{LV.TabControl}	Bit Accurate Data Size	read
{LV.TabControl}	Blinking	read
{LV.TabControl}	Bounds	read
{LV.TabControl}	Bounds:Area Height	read
{LV.TabControl}	Bounds:Area Width	read
{LV.TabControl}	Caption	read
{LV.TabControl}	Class ID	read
{LV.TabControl}	Class Name	read
{LV.TabControl}	Colors	read
{LV.TabControl}	Colors:BG Color	read
{LV.TabControl}	Colors:FG Color	read
{LV.TabControl}	Control Reference Nodes[]	read
{LV.TabControl}	DataSocket:Enabled	read
{LV.TabControl}	DataSocket:LED Visible	read
{LV.TabControl}	DataSocket:Mode	read
{LV.TabControl}	DataSocket:Status	read
{LV.TabControl}	DataSocket:URL	read
{LV.TabControl}	Default Value	read
{LV.TabControl}	Description	read
{LV.TabControl}	Disabled	read
{LV.TabControl}	Fixed Tab Dimension	read
{LV.TabControl}	Fixed Tab Dimension:Height	read
{LV.TabControl}	Fixed Tab Dimension:Width	read
{LV.TabControl}	Focus Key Binding	read
{LV.TabControl}	Group Member Refs[]	read
{LV.TabControl}	Grouped	read
{LV.TabControl}	Has Caption	read
{LV.TabControl}	Indicator	read
{LV.TabControl}	Invoke Nodes[]	read
{LV.TabControl}	Is On Block Diagram?	read
{LV.TabControl}	Is On Connector Pane	read
{LV.TabControl}	Is Typedef?	read
{LV.TabControl}	Justify Tabs	read
{LV.TabControl}	Key Focus	read
{LV.TabControl}	Label	read
{LV.TabControl}	Latch Value	read
{LV.TabControl}	Local Variables[]	read
{LV.TabControl}	Locked	read
{LV.TabControl}	Master Bounds Rect	read
{LV.TabControl}	Modified	read
{LV.TabControl}	Owner (Deprecated)	read
{LV.TabControl}	Owning VI	read
{LV.TabControl}	Page Selector Visible	read
{LV.TabControl}	Pages	read
{LV.TabControl}	Position	read
{LV.TabControl}	Position:Left	read
{LV.TabControl}	Position:Top	read
{LV.TabControl}	Property Nodes[]	read
{LV.TabControl}	Selected	read
{LV.TabControl}	Skip When Tabbing	read
{LV.TabControl}	Synchronous Display	read
{LV.TabControl}	Tab Control Pane Dimension	read
{LV.TabControl}	Tab Control Pane Dimension:Height	read
{LV.TabControl}	Tab Control Pane Dimension:Width	read
{LV.TabControl}	Tab Size	read
{LV.TabControl}	Terminal	read
{LV.TabControl}	Tip Strip	read
{LV.TabControl}	Total Bounds Rect	read
{LV.TabControl}	Type Descriptor	read
{LV.TabControl}	Typedef:Path	read
{LV.TabControl}	Typedef:VI	read
{LV.TabControl}	Value	read
{LV.TabControl}	Value (Signaling)	write
{LV.TabControl}	Visible	read
{LV.TabControl}	Wizard Data	read
{LV.Table}	Active Cell:Active Cell	read
{LV.Table}	Active Cell:Cell Background Color	read
{LV.Table}	Active Cell:Cell FG Color	read
{LV.Table}	Active Cell:Cell Size	read
{LV.Table}	Auto-Update From Typedef	read
{LV.Table}	Autosizing Row Height	read
{LV.Table}	Bit Accurate Data Size	read
{LV.Table}	Blinking	read
{LV.Table}	Bounds	read
{LV.Table}	Bounds:Area Height	read
{LV.Table}	Bounds:Area Width	read
{LV.Table}	Caption	read
{LV.Table}	Class ID	read
{LV.Table}	Class Name	read
{LV.Table}	Column Header Strings[]	read
{LV.Table}	Control Reference Nodes[]	read
{LV.Table}	DataSocket:Enabled	read
{LV.Table}	DataSocket:LED Visible	read
{LV.Table}	DataSocket:Mode	read
{LV.Table}	DataSocket:Status	read
{LV.Table}	DataSocket:URL	read
{LV.Table}	Default Value	read
{LV.Table}	Description	read
{LV.Table}	Disabled	read
{LV.Table}	Focus Key Binding	read
{LV.Table}	Group Member Refs[]	read
{LV.Table}	Grouped	read
{LV.Table}	Has Caption	read
{LV.Table}	Index Values	read
{LV.Table}	Indicator	read
{LV.Table}	Invoke Nodes[]	read
{LV.Table}	Is On Block Diagram?	read
{LV.Table}	Is On Connector Pane	read
{LV.Table}	Is Typedef?	read
{LV.Table}	Key Focus	read
{LV.Table}	Label	read
{LV.Table}	Latch Value	read
{LV.Table}	Local Variables[]	read
{LV.Table}	Locked	read
{LV.Table}	Master Bounds Rect	read
{LV.Table}	Modified	read
{LV.Table}	Multiple Line Input	read
{LV.Table}	Number of Columns	read
{LV.Table}	Number of Rows	read
{LV.Table}	Old Edit Position	read
{LV.Table}	Owner (Deprecated)	read
{LV.Table}	Owning VI	read
{LV.Table}	Position	read
{LV.Table}	Position:Left	read
{LV.Table}	Position:Top	read
{LV.Table}	Property Nodes[]	read
{LV.Table}	Row Header Strings[]	read
{LV.Table}	Selected	read
{LV.Table}	Selection Color	read
{LV.Table}	Selection Size	read
{LV.Table}	Selection Start	read
{LV.Table}	Skip When Tabbing	read
{LV.Table}	Smooth Horizontal Scrolling	read
{LV.Table}	Synchronous Display	read
{LV.Table}	Terminal	read
{LV.Table}	Tip Strip	read
{LV.Table}	Total Bounds Rect	read
{LV.Table}	Type Descriptor	read
{LV.Table}	Typedef:Path	read
{LV.Table}	Typedef:VI	read
{LV.Table}	Value	read
{LV.Table}	Value (Signaling)	write
{LV.Table}	Visible	read
{LV.Table}	Visible Items:Column Headers Visible	read
{LV.Table}	Visible Items:Horizontal Scrollbar Visible	read
{LV.Table}	Visible Items:Index Visible	read
{LV.Table}	Visible Items:Row Headers Visible	read
{LV.Table}	Visible Items:Vertical Scrollbar Visible	read
{LV.Table}	Wizard Data	read
{LV.Terminal}	Bounds	read
{LV.Terminal}	Bounds:Area Height	read
{LV.Terminal}	Bounds:Area Width	read
{LV.Terminal}	Caption	read
{LV.Terminal}	Class ID	read
{LV.Terminal}	Class Name	read
{LV.Terminal}	Coercion Dot?	read
{LV.Terminal}	Connected Wire	read
{LV.Terminal}	Diagram	read
{LV.Terminal}	Group Member Refs[]	read
{LV.Terminal}	Grouped	read
{LV.Terminal}	Is On Block Diagram?	read
{LV.Terminal}	Is Source?	read
{LV.Terminal}	Locked	read
{LV.Terminal}	Master Bounds Rect	read
{LV.Terminal}	Modified	read
{LV.Terminal}	Name	read
{LV.Terminal}	Owner (Deprecated)	read
{LV.Terminal}	Owning VI	read
{LV.Terminal}	Position	read
{LV.Terminal}	Position:Left	read
{LV.Terminal}	Position:Top	read
{LV.Terminal}	Selected	read
{LV.Terminal}	Total Bounds Rect	read
{LV.Terminal}	Type Descriptor	read
{LV.Text}	Bounds	read
{LV.Text}	Bounds:Area Height	read
{LV.Text}	Bounds:Area Width	read
{LV.Text}	Class ID	read
{LV.Text}	Class Name	read
{LV.Text}	Colors	read
{LV.Text}	Colors:BG Color	read
{LV.Text}	Colors:FG Color	read
{LV.Text}	Document Bounds	read
{LV.Text}	Document Bounds:Height	read
{LV.Text}	Document Bounds:Width	read
{LV.Text}	Font	read
{LV.Text}	Font:Bold	read
{LV.Text}	Font:Color	read
{LV.Text}	Font:Italic	read
{LV.Text}	Font:Name	read
{LV.Text}	Font:Size	read
{LV.Text}	Font:Strikeout	read
{LV.Text}	Font:Underline	read
{LV.Text}	Group Member Refs[]	read
{LV.Text}	Grouped	read
{LV.Text}	Interpret As Unicode	read
{LV.Text}	Is On Block Diagram?	read
{LV.Text}	Justification	read
{LV.Text}	Locked	read
{LV.Text}	Master Bounds Rect	read
{LV.Text}	Modified	read
{LV.Text}	Owner (Deprecated)	read
{LV.Text}	Owning VI	read
{LV.Text}	Position	read
{LV.Text}	Position:Left	read
{LV.Text}	Position:Top	read
{LV.Text}	Scroll Position	read
{LV.Text}	Selected	read
{LV.Text}	Selection	read
{LV.Text}	Selection:End	read
{LV.Text}	Selection:Start	read
{LV.Text}	Size	read
{LV.Text}	Size to Text?	read
{LV.Text}	Text	read
{LV.Text}	Text Colors	read
{LV.Text}	Text Colors:Text Color	read
{LV.Text}	Total Bounds Rect	read
{LV.Text}	Visible	read
{LV.TimedLoop}	AutoSize To Fit Contents?	read
{LV.TimedLoop}	Bounds	read
{LV.TimedLoop}	Bounds:Area Height	read
{LV.TimedLoop}	Bounds:Area Width	read
{LV.TimedLoop}	Class ID	read
{LV.TimedLoop}	Class Name	read
{LV.TimedLoop}	Clump Num	read
{LV.TimedLoop}	ConfigurationNode	read
{LV.TimedLoop}	Description	read
{LV.TimedLoop}	Diagram	read
{LV.TimedLoop}	Diagrams[]	read
{LV.TimedLoop}	Fire Count	read
{LV.TimedLoop}	Frame Size	read
{LV.TimedLoop}	Group Member Refs[]	read
{LV.TimedLoop}	Grouped	read
{LV.TimedLoop}	Icon	read
{LV.TimedLoop}	Is Asynchronous	read
{LV.TimedLoop}	Is Break Point Set	read
{LV.TimedLoop}	Is On Block Diagram?	read
{LV.TimedLoop}	Label	read
{LV.TimedLoop}	Locked	read
{LV.TimedLoop}	Loop Counter	read
{LV.TimedLoop}	Loop End Ref	read
{LV.TimedLoop}	Master Bounds Rect	read
{LV.TimedLoop}	Modified	read
{LV.TimedLoop}	OutputNode	read
{LV.TimedLoop}	Owner (Deprecated)	read
{LV.TimedLoop}	Owning VI	read
{LV.TimedLoop}	Position	read
{LV.TimedLoop}	Position:Left	read
{LV.TimedLoop}	Position:Top	read
{LV.TimedLoop}	Selected	read
{LV.TimedLoop}	Shift Registers[]	read
{LV.TimedLoop}	Short Count	read
{LV.TimedLoop}	Stop If True?	read
{LV.TimedLoop}	Style	read
{LV.TimedLoop}	Terminals[]	read
{LV.TimedLoop}	Total Bounds Rect	read
{LV.TimedLoop}	Tunnels[]	read
{LV.TopLevelDiagram}	All Objects[]	read
{LV.TopLevelDiagram}	Bounds	read
{LV.TopLevelDiagram}	Bounds:Area Height	read
{LV.TopLevelDiagram}	Bounds:Area Width	read
{LV.TopLevelDiagram}	Button Bar Visible	read
{LV.TopLevelDiagram}	Class ID	read
{LV.TopLevelDiagram}	Class Name	read
{LV.TopLevelDiagram}	Color	read
{LV.TopLevelDiagram}	Decorations[]	read
{LV.TopLevelDiagram}	Firing Order	read
{LV.TopLevelDiagram}	Functions[]	read
{LV.TopLevelDiagram}	Group Member Refs[]	read
{LV.TopLevelDiagram}	Grouped	read
{LV.TopLevelDiagram}	Is Break Point Set	read
{LV.TopLevelDiagram}	Is On Block Diagram?	read
{LV.TopLevelDiagram}	Locked	read
{LV.TopLevelDiagram}	Master Bounds Rect	read
{LV.TopLevelDiagram}	Menubar Visible	read
{LV.TopLevelDiagram}	Modified	read
{LV.TopLevelDiagram}	Owner (Deprecated)	read
{LV.TopLevelDiagram}	Owning VI	read
{LV.TopLevelDiagram}	Position	read
{LV.TopLevelDiagram}	Position:Left	read
{LV.TopLevelDiagram}	Position:Top	read
{LV.TopLevelDiagram}	Selected	read
{LV.TopLevelDiagram}	Selection List[]	read
{LV.TopLevelDiagram}	SubVIs[]	read
{LV.TopLevelDiagram}	Total Bounds Rect	read
{LV.TopLevelDiagram}	Visible Bounds	read
{LV.TopLevelDiagram}	Wires[]	read
{LV.TreeControl}	Active Cell:Active Column Number	read
{LV.TreeControl}	Active Cell:Background Color	read
{LV.TreeControl}	Active Cell:Foreground Color	read
{LV.TreeControl}	Active Cell:Old Cell Size	read
{LV.TreeControl}	Active Cell:String	read
{LV.TreeControl}	Active Item:Child-Only?	read
{LV.TreeControl}	Active Item:Disabled?	read
{LV.TreeControl}	Active Item:Indent Level	read
{LV.TreeControl}	Active Item:Open?	read
{LV.TreeControl}	Active Item:Symbol Index	read
{LV.TreeControl}	Active Item:Tag	read
{LV.TreeControl}	Allow Selection of Parent Items	read
{LV.TreeControl}	Auto-Update From Typedef	read
{LV.TreeControl}	Autosizing Row Height	read
{LV.TreeControl}	Bit Accurate Data Size	read
{LV.TreeControl}	Blinking	read
{LV.TreeControl}	Bounds	read
{LV.TreeControl}	Bounds:Area Height	read
{LV.TreeControl}	Bounds:Area Width	read
{LV.TreeControl}	Caption	read
{LV.TreeControl}	Class ID	read
{LV.TreeControl}	Class Name	read
{LV.TreeControl}	Column Header Strings[]	read
{LV.TreeControl}	Control Reference Nodes[]	read
{LV.TreeControl}	DataSocket:Enabled	read
{LV.TreeControl}	DataSocket:LED Visible	read
{LV.TreeControl}	DataSocket:Mode	read
{LV.TreeControl}	DataSocket:Status	read
{LV.TreeControl}	DataSocket:URL	read
{LV.TreeControl}	Default Value	read
{LV.TreeControl}	Description	read
{LV.TreeControl}	Disabled	read
{LV.TreeControl}	Displayed Items	read
{LV.TreeControl}	Drag/Drop:Allow Dragging (Deprecated)	read
{LV.TreeControl}	Drag/Drop:Allow Dragging of Parent Items	read
{LV.TreeControl}	Drag/Drop:Allow Dropping Between Items	read
{LV.TreeControl}	Expand/Contract Symbol:Symbol Type	read
{LV.TreeControl}	Focus Key Binding	read
{LV.TreeControl}	Group Member Refs[]	read
{LV.TreeControl}	Grouped	read
{LV.TreeControl}	Has Caption	read
{LV.TreeControl}	Indicator	read
{LV.TreeControl}	Invoke Nodes[]	read
{LV.TreeControl}	Is On Block Diagram?	read
{LV.TreeControl}	Is On Connector Pane	read
{LV.TreeControl}	Is Typedef?	read
{LV.TreeControl}	Key Focus	read
{LV.TreeControl}	Keyboard Mode	read
{LV.TreeControl}	Label	read
{LV.TreeControl}	Latch Value	read
{LV.TreeControl}	Local Variables[]	read
{LV.TreeControl}	Locked	read
{LV.TreeControl}	Master Bounds Rect	read
{LV.TreeControl}	Modified	read
{LV.TreeControl}	Multiple Line Input	read
{LV.TreeControl}	Number of Columns	read
{LV.TreeControl}	Number of Rows	read
{LV.TreeControl}	Owner (Deprecated)	read
{LV.TreeControl}	Owning VI	read
{LV.TreeControl}	Position	read
{LV.TreeControl}	Position:Left	read
{LV.TreeControl}	Position:Top	read
{LV.TreeControl}	Property Nodes[]	read
{LV.TreeControl}	Selected	read
{LV.TreeControl}	Selection Color	read
{LV.TreeControl}	Selection Mode	read
{LV.TreeControl}	Skip When Tabbing	read
{LV.TreeControl}	Synchronous Display	read
{LV.TreeControl}	Terminal	read
{LV.TreeControl}	Tip Strip	read
{LV.TreeControl}	Top Left Visible Cell	read
{LV.TreeControl}	Total Bounds Rect	read
{LV.TreeControl}	Twisty Type	read
{LV.TreeControl}	Type Descriptor	read
{LV.TreeControl}	Typedef:Path	read
{LV.TreeControl}	Typedef:VI	read
{LV.TreeControl}	Value	read
{LV.TreeControl}	Value (Signaling)	write
{LV.TreeControl}	Visible	read
{LV.TreeControl}	Visible Items:Column Headers Visible	read
{LV.TreeControl}	Visible Items:Hierarchy Lines Visible Old	read
{LV.TreeControl}	Visible Items:Horizontal Lines Visible	read
{LV.TreeControl}	Visible Items:Horizontal Scrollbar Visible	read
{LV.TreeControl}	Visible Items:Symbols Visible	read
{LV.TreeControl}	Visible Items:Vertical Lines Visible	read
{LV.TreeControl}	Visible Items:Vertical Scrollbar Visible	read
{LV.TreeControl}	Wizard Data	read
{LV.Tunnel}	Bounds	read
{LV.Tunnel}	Bounds:Area Height	read
{LV.Tunnel}	Bounds:Area Width	read
{LV.Tunnel}	Class ID	read
{LV.Tunnel}	Class Name	read
{LV.Tunnel}	Group Member Refs[]	read
{LV.Tunnel}	Grouped	read
{LV.Tunnel}	Inside Terminals[]	read
{LV.Tunnel}	Is On Block Diagram?	read
{LV.Tunnel}	Locked	read
{LV.Tunnel}	Master Bounds Rect	read
{LV.Tunnel}	Modified	read
{LV.Tunnel}	Outside Terminal	read
{LV.Tunnel}	Owner (Deprecated)	read
{LV.Tunnel}	Owning VI	read
{LV.Tunnel}	Position	read
{LV.Tunnel}	Position:Left	read
{LV.Tunnel}	Position:Top	read
{LV.Tunnel}	Selected	read
{LV.Tunnel}	Total Bounds Rect	read
{LV.TypeCast}	Bounds	read
{LV.TypeCast}	Bounds:Area Height	read
{LV.TypeCast}	Bounds:Area Width	read
{LV.TypeCast}	Class ID	read
{LV.TypeCast}	Class Name	read
{LV.TypeCast}	Clump Num	read
{LV.TypeCast}	Convert 4.x data?	read
{LV.TypeCast}	Description	read
{LV.TypeCast}	Fire Count	read
{LV.TypeCast}	Group Member Refs[]	read
{LV.TypeCast}	Grouped	read
{LV.TypeCast}	Has Side Effects?	read
{LV.TypeCast}	Icon	read
{LV.TypeCast}	Is Asynchronous	read
{LV.TypeCast}	Is Break Point Set	read
{LV.TypeCast}	Is On Block Diagram?	read
{LV.TypeCast}	Label	read
{LV.TypeCast}	Locked	read
{LV.TypeCast}	Master Bounds Rect	read
{LV.TypeCast}	Modified	read
{LV.TypeCast}	Owner (Deprecated)	read
{LV.TypeCast}	Owning VI	read
{LV.TypeCast}	Position	read
{LV.TypeCast}	Position:Left	read
{LV.TypeCast}	Position:Top	read
{LV.TypeCast}	Selected	read
{LV.TypeCast}	Short Count	read
{LV.TypeCast}	Style	read
{LV.TypeCast}	Terminals Visible?	read
{LV.TypeCast}	Terminals[]	read
{LV.TypeCast}	Total Bounds Rect	read
{LV.TypedRefNum}	Auto-Update From Typedef	read
{LV.TypedRefNum}	Bit Accurate Data Size	read
{LV.TypedRefNum}	Blinking	read
{LV.TypedRefNum}	Bounds	read
{LV.TypedRefNum}	Bounds:Area Height	read
{LV.TypedRefNum}	Bounds:Area Width	read
{LV.TypedRefNum}	Caption	read
{LV.TypedRefNum}	Class ID	read
{LV.TypedRefNum}	Class Name	read
{LV.TypedRefNum}	Control Reference Nodes[]	read
{LV.TypedRefNum}	DataSocket:Enabled	read
{LV.TypedRefNum}	DataSocket:LED Visible	read
{LV.TypedRefNum}	DataSocket:Mode	read
{LV.TypedRefNum}	DataSocket:Status	read
{LV.TypedRefNum}	DataSocket:URL	read
{LV.TypedRefNum}	Default Value	read
{LV.TypedRefNum}	Description	read
{LV.TypedRefNum}	Disabled	read
{LV.TypedRefNum}	Element	read
{LV.TypedRefNum}	Focus Key Binding	read
{LV.TypedRefNum}	Group Member Refs[]	read
{LV.TypedRefNum}	Grouped	read
{LV.TypedRefNum}	Has Caption	read
{LV.TypedRefNum}	Indicator	read
{LV.TypedRefNum}	Invoke Nodes[]	read
{LV.TypedRefNum}	Is On Block Diagram?	read
{LV.TypedRefNum}	Is On Connector Pane	read
{LV.TypedRefNum}	Is Typedef?	read
{LV.TypedRefNum}	Key Focus	read
{LV.TypedRefNum}	Label	read
{LV.TypedRefNum}	Latch Value	read
{LV.TypedRefNum}	Local Variables[]	read
{LV.TypedRefNum}	Locked	read
{LV.TypedRefNum}	Master Bounds Rect	read
{LV.TypedRefNum}	Modified	read
{LV.TypedRefNum}	Owner (Deprecated)	read
{LV.TypedRefNum}	Owning VI	read
{LV.TypedRefNum}	Position	read
{LV.TypedRefNum}	Position:Left	read
{LV.TypedRefNum}	Position:Top	read
{LV.TypedRefNum}	Property Nodes[]	read
{LV.TypedRefNum}	Selected	read
{LV.TypedRefNum}	Skip When Tabbing	read
{LV.TypedRefNum}	Synchronous Display	read
{LV.TypedRefNum}	Terminal	read
{LV.TypedRefNum}	Tip Strip	read
{LV.TypedRefNum}	Total Bounds Rect	read
{LV.TypedRefNum}	Type Descriptor	read
{LV.TypedRefNum}	Typedef:Path	read
{LV.TypedRefNum}	Typedef:VI	read
{LV.TypedRefNum}	Value	read
{LV.TypedRefNum}	Value (Signaling)	write
{LV.TypedRefNum}	Visible	read
{LV.TypedRefNum}	Wizard Data	read
{LV.Unbundler}	Bounds	read
{LV.Unbundler}	Bounds:Area Height	read
{LV.Unbundler}	Bounds:Area Width	read
{LV.Unbundler}	Class ID	read
{LV.Unbundler}	Class Name	read
{LV.Unbundler}	Clump Num	read
{LV.Unbundler}	Description	read
{LV.Unbundler}	Fire Count	read
{LV.Unbundler}	Group Member Refs[]	read
{LV.Unbundler}	Grouped	read
{LV.Unbundler}	Icon	read
{LV.Unbundler}	Is Asynchronous	read
{LV.Unbundler}	Is Break Point Set	read
{LV.Unbundler}	Is On Block Diagram?	read
{LV.Unbundler}	Label	read
{LV.Unbundler}	Locked	read
{LV.Unbundler}	Master Bounds Rect	read
{LV.Unbundler}	Modified	read
{LV.Unbundler}	Output Count	read
{LV.Unbundler}	Output Terminals[]	read
{LV.Unbundler}	Owner (Deprecated)	read
{LV.Unbundler}	Owning VI	read
{LV.Unbundler}	Position	read
{LV.Unbundler}	Position:Left	read
{LV.Unbundler}	Position:Top	read
{LV.Unbundler}	Selected	read
{LV.Unbundler}	Short Count	read
{LV.Unbundler}	Style	read
{LV.Unbundler}	Terminal Height	read
{LV.Unbundler}	Terminals[]	read
{LV.Unbundler}	Total Bounds Rect	read
{LV.UnitCast}	Bounds	read
{LV.UnitCast}	Bounds:Area Height	read
{LV.UnitCast}	Bounds:Area Width	read
{LV.UnitCast}	Class ID	read
{LV.UnitCast}	Class Name	read
{LV.UnitCast}	Clump Num	read
{LV.UnitCast}	Description	read
{LV.UnitCast}	Fire Count	read
{LV.UnitCast}	Group Member Refs[]	read
{LV.UnitCast}	Grouped	read
{LV.UnitCast}	Icon	read
{LV.UnitCast}	Is Asynchronous	read
{LV.UnitCast}	Is Break Point Set	read
{LV.UnitCast}	Is On Block Diagram?	read
{LV.UnitCast}	Label	read
{LV.UnitCast}	Locked	read
{LV.UnitCast}	Master Bounds Rect	read
{LV.UnitCast}	Modified	read
{LV.UnitCast}	Owner (Deprecated)	read
{LV.UnitCast}	Owning VI	read
{LV.UnitCast}	Position	read
{LV.UnitCast}	Position:Left	read
{LV.UnitCast}	Position:Top	read
{LV.UnitCast}	Selected	read
{LV.UnitCast}	Short Count	read
{LV.UnitCast}	Style	read
{LV.UnitCast}	Terminals[]	read
{LV.UnitCast}	Total Bounds Rect	read
{LV.UnitCast}	Unit	read
{LV.VISAResourceNameConstant}	AllowCreateNew	read
{LV.VISAResourceNameConstant}	AllowMultiple	read
{LV.VISAResourceNameConstant}	AllowUndefined	read
{LV.VISAResourceNameConstant}	Auto-Update From Typedef	read
{LV.VISAResourceNameConstant}	Bounds	read
{LV.VISAResourceNameConstant}	Bounds:Area Height	read
{LV.VISAResourceNameConstant}	Bounds:Area Width	read
{LV.VISAResourceNameConstant}	Class ID	read
{LV.VISAResourceNameConstant}	Class Name	read
{LV.VISAResourceNameConstant}	Description	read
{LV.VISAResourceNameConstant}	Device String	read
{LV.VISAResourceNameConstant}	DisplayFilter	read
{LV.VISAResourceNameConstant}	DropDownList[]	read
{LV.VISAResourceNameConstant}	FilterOnDevice	read
{LV.VISAResourceNameConstant}	FilterOnSubTypeClass	read
{LV.VISAResourceNameConstant}	FilterOnTypeClass	read
{LV.VISAResourceNameConstant}	Group Member Refs[]	read
{LV.VISAResourceNameConstant}	Grouped	read
{LV.VISAResourceNameConstant}	IncludeInvalid	read
{LV.VISAResourceNameConstant}	Is On Block Diagram?	read
{LV.VISAResourceNameConstant}	Is Typedef?	read
{LV.VISAResourceNameConstant}	Label	read
{LV.VISAResourceNameConstant}	Locked	read
{LV.VISAResourceNameConstant}	Master Bounds Rect	read
{LV.VISAResourceNameConstant}	Modified	read
{LV.VISAResourceNameConstant}	Owner (Deprecated)	read
{LV.VISAResourceNameConstant}	Owning VI	read
{LV.VISAResourceNameConstant}	Position	read
{LV.VISAResourceNameConstant}	Position:Left	read
{LV.VISAResourceNameConstant}	Position:Top	read
{LV.VISAResourceNameConstant}	Selected	read
{LV.VISAResourceNameConstant}	SubTypeClass	read
{LV.VISAResourceNameConstant}	TagList[]	read
{LV.VISAResourceNameConstant}	TagType	read
{LV.VISAResourceNameConstant}	Terminal	read
{LV.VISAResourceNameConstant}	Tip Strip	read
{LV.VISAResourceNameConstant}	Total Bounds Rect	read
{LV.VISAResourceNameConstant}	TypeClass	read
{LV.VISAResourceNameConstant}	Typedef:Path	read
{LV.VISAResourceNameConstant}	Typedef:VI	read
{LV.VISAResourceNameConstant}	UpdatedTagList[]	read
{LV.VISAResourceNameConstant}	Value	read
{LV.VISAResourceName}	Allow Undefined Names	read
{LV.VISAResourceName}	AllowCreateNew	read
{LV.VISAResourceName}	AllowMultiple	read
{LV.VISAResourceName}	AllowUndefined	read
{LV.VISAResourceName}	Auto-Update From Typedef	read
{LV.VISAResourceName}	Bit Accurate Data Size	read
{LV.VISAResourceName}	Blinking	read
{LV.VISAResourceName}	Bounds	read
{LV.VISAResourceName}	Bounds:Area Height	read
{LV.VISAResourceName}	Bounds:Area Width	read
{LV.VISAResourceName}	Caption	read
{LV.VISAResourceName}	Class ID	read
{LV.VISAResourceName}	Class Name	read
{LV.VISAResourceName}	Control Reference Nodes[]	read
{LV.VISAResourceName}	DataSocket:Enabled	read
{LV.VISAResourceName}	DataSocket:LED Visible	read
{LV.VISAResourceName}	DataSocket:Mode	read
{LV.VISAResourceName}	DataSocket:Status	read
{LV.VISAResourceName}	DataSocket:URL	read
{LV.VISAResourceName}	Default Value	read
{LV.VISAResourceName}	Description	read
{LV.VISAResourceName}	Device String	read
{LV.VISAResourceName}	Disabled	read
{LV.VISAResourceName}	DisplayFilter	read
{LV.VISAResourceName}	DropDownList[]	read
{LV.VISAResourceName}	FilterOnDevice	read
{LV.VISAResourceName}	FilterOnSubTypeClass	read
{LV.VISAResourceName}	FilterOnTypeClass	read
{LV.VISAResourceName}	Focus Key Binding	read
{LV.VISAResourceName}	Group Member Refs[]	read
{LV.VISAResourceName}	Grouped	read
{LV.VISAResourceName}	Has Caption	read
{LV.VISAResourceName}	IncludeInvalid	read
{LV.VISAResourceName}	Indicator	read
{LV.VISAResourceName}	Invoke Nodes[]	read
{LV.VISAResourceName}	Is On Block Diagram?	read
{LV.VISAResourceName}	Is On Connector Pane	read
{LV.VISAResourceName}	Is Typedef?	read
{LV.VISAResourceName}	Key Focus	read
{LV.VISAResourceName}	Label	read
{LV.VISAResourceName}	Latch Value	read
{LV.VISAResourceName}	Local Variables[]	read
{LV.VISAResourceName}	Locked	read
{LV.VISAResourceName}	Master Bounds Rect	read
{LV.VISAResourceName}	Modified	read
{LV.VISAResourceName}	Owner (Deprecated)	read
{LV.VISAResourceName}	Owning VI	read
{LV.VISAResourceName}	Position	read
{LV.VISAResourceName}	Position:Left	read
{LV.VISAResourceName}	Position:Top	read
{LV.VISAResourceName}	Property Nodes[]	read
{LV.VISAResourceName}	Selected	read
{LV.VISAResourceName}	Size	read
{LV.VISAResourceName}	Skip When Tabbing	read
{LV.VISAResourceName}	SubTypeClass	read
{LV.VISAResourceName}	Synchronous Display	read
{LV.VISAResourceName}	TagList[]	read
{LV.VISAResourceName}	TagType	read
{LV.VISAResourceName}	Terminal	read
{LV.VISAResourceName}	Text	read
{LV.VISAResourceName}	Tip Strip	read
{LV.VISAResourceName}	Total Bounds Rect	read
{LV.VISAResourceName}	Type Descriptor	read
{LV.VISAResourceName}	TypeClass	read
{LV.VISAResourceName}	Typedef:Path	read
{LV.VISAResourceName}	Typedef:VI	read
{LV.VISAResourceName}	UpdatedTagList[]	read
{LV.VISAResourceName}	Value	read
{LV.VISAResourceName}	Value (Signaling)	write
{LV.VISAResourceName}	Visible	read
{LV.VISAResourceName}	Wizard Data	read
{LV.VI}	Auto Logging:Log File Path	read
{LV.VI}	Auto Logging:Log at Finish	read
{LV.VI}	Auto Logging:Print at Finish	read
{LV.VI}	Automatic Error Handling	read
{LV.VI}	Block Diagram	read
{LV.VI}	Block Diagram Window:OS Window	read
{LV.VI}	Block Diagram Window:Open	read
{LV.VI}	Block Diagram Window:Origin	read
{LV.VI}	Block Diagram Window:Window Bounds	read
{LV.VI}	Callees' Names	read
{LV.VI}	Callers' Names	read
{LV.VI}	Connector Pane:Checksum v1 (Deprecated)	read
{LV.VI}	Connector Pane:Data (Deprecated)	read
{LV.VI}	Connector Pane:Old Type Descriptor	read
{LV.VI}	Connector Pane:Reference	read
{LV.VI}	Connector Pane:Set	write
{LV.VI}	Control VI Type	read
{LV.VI}	Edit Mode On Open	read
{LV.VI}	Exec.ShrinkData	read
{LV.VI}	Execution:Allow Debugging	read
{LV.VI}	Execution:Close After Call	read
{LV.VI}	Execution:Is Reentrant	read
{LV.VI}	Execution:Preferred Exec System	read
{LV.VI}	Execution:Priority	read
{LV.VI}	Execution:Run When Opened	read
{LV.VI}	Execution:Show Front Panel On Call	read
{LV.VI}	Execution:Show Front Panel On Load	read
{LV.VI}	Execution:State	read
{LV.VI}	Execution:Suspend On Call	read
{LV.VI}	Expand When Dropped As SubVI	read
{LV.VI}	Front Panel	read
{LV.VI}	Front Panel RefNum TD	read
{LV.VI}	Front Panel Window:Allow Runtime PopUp	read
{LV.VI}	Front Panel Window:Auto Center (Deprecated)	read
{LV.VI}	Front Panel Window:Behavior	read
{LV.VI}	Front Panel Window:Closeable	read
{LV.VI}	Front Panel Window:Custom Title	read
{LV.VI}	Front Panel Window:Highlight Return Button	read
{LV.VI}	Front Panel Window:Is Floating	read
{LV.VI}	Front Panel Window:Is Frontmost	read
{LV.VI}	Front Panel Window:Keep Window Proportions	read
{LV.VI}	Front Panel Window:Minimizable	read
{LV.VI}	Front Panel Window:Minimum Size	read
{LV.VI}	Front Panel Window:OS Window	read
{LV.VI}	Front Panel Window:Open	read
{LV.VI}	Front Panel Window:Origin	read
{LV.VI}	Front Panel Window:Panel Bounds	read
{LV.VI}	Front Panel Window:Resizable	read
{LV.VI}	Front Panel Window:Show Menu Bar	read
{LV.VI}	Front Panel Window:Show Scroll Bars	read
{LV.VI}	Front Panel Window:Size to Screen (Deprecated)	read
{LV.VI}	Front Panel Window:State	read
{LV.VI}	Front Panel Window:Title	read
{LV.VI}	Front Panel Window:Title Bar Visible	read
{LV.VI}	Front Panel Window:Window Bounds	read
{LV.VI}	Help:Document Path	read
{LV.VI}	Help:Document Tag	read
{LV.VI}	Hide Instance VI Caption On Drop	read
{LV.VI}	History:Always Add Comments At Save	read
{LV.VI}	History:Entire Text	read
{LV.VI}	History:Prompt for Comments At Close	read
{LV.VI}	History:Prompt for Comments At Save	read
{LV.VI}	History:Record Application Comments	read
{LV.VI}	History:Revision Number	read
{LV.VI}	History:Use Defaults	read
{LV.VI}	Is Instance	read
{LV.VI}	Is Probe	read
{LV.VI}	Is System VI	read
{LV.VI}	Localized	read
{LV.VI}	Metrics:Advanced	read
{LV.VI}	Metrics:Code Size	read
{LV.VI}	Metrics:Size of Block Diagram	read
{LV.VI}	Metrics:Size of Front Panel	read
{LV.VI}	Metrics:Total Data Size	read
{LV.VI}	Modifications:Block Diagram Mods Bitset	read
{LV.VI}	Modifications:Front Panel Mods Bitset	read
{LV.VI}	Modifications:User Changes	read
{LV.VI}	Modifications:VI Modifications Bitset Old	read
{LV.VI}	Modifications:VI Signatures	read
{LV.VI}	Modifications:VI User Code GUID	read
{LV.VI}	Printing:Block Diagram Scaling?	read
{LV.VI}	Printing:Front Panel Scaling?	read
{LV.VI}	Printing:Header Content:Date Printed?	read
{LV.VI}	Printing:Header Content:Modify Date?	read
{LV.VI}	Printing:Header Content:Page Number?	read
{LV.VI}	Printing:Header Content:VI Icon?	read
{LV.VI}	Printing:Header Content:VI Name?	read
{LV.VI}	Printing:Header Content:VI Path?	read
{LV.VI}	Printing:Margins	read
{LV.VI}	Printing:Page Headers?	read
{LV.VI}	Printing:Page Orientation	read
{LV.VI}	Purgative	read
{LV.VI}	Run-Time Menu Path	read
{LV.VI}	RunVILocal	read
{LV.VI}	Suppress Data Manager	read
{LV.VI}	Suppress Instance VI Halo	read
{LV.VI}	Suppress Transact Info	read
{LV.VI}	Tool Bar:Show Abort Button	read
{LV.VI}	Tool Bar:Show Free Run Button	read
{LV.VI}	Tool Bar:Show Run Button	read
{LV.VI}	Tool Bar:Visible	read
{LV.VI}	Tool Kit Attr	read
{LV.VI}	VI Description	read
{LV.VI}	VI Linker Errors	read
{LV.VI}	VI Name	read
{LV.VI}	VI Path	read
{LV.VI}	VI Type	read
{LV.WaveformChart}	Active Plot	read
{LV.WaveformChart}	Active X Scale	read
{LV.WaveformChart}	Active Y Scale	read
{LV.WaveformChart}	Auto-Update From Typedef	read
{LV.WaveformChart}	Bit Accurate Data Size	read
{LV.WaveformChart}	Blinking	read
{LV.WaveformChart}	Bounds	read
{LV.WaveformChart}	Bounds:Area Height	read
{LV.WaveformChart}	Bounds:Area Width	read
{LV.WaveformChart}	Caption	read
{LV.WaveformChart}	Class ID	read
{LV.WaveformChart}	Class Name	read
{LV.WaveformChart}	Control Reference Nodes[]	read
{LV.WaveformChart}	DataSocket:Enabled	read
{LV.WaveformChart}	DataSocket:LED Visible	read
{LV.WaveformChart}	DataSocket:Mode	read
{LV.WaveformChart}	DataSocket:Status	read
{LV.WaveformChart}	DataSocket:URL	read
{LV.WaveformChart}	Default Value	read
{LV.WaveformChart}	Description	read
{LV.WaveformChart}	Digital Display(s) Visible	read
{LV.WaveformChart}	Digital Display[]	read
{LV.WaveformChart}	Disabled	read
{LV.WaveformChart}	Focus Key Binding	read
{LV.WaveformChart}	Graph Flavor	read
{LV.WaveformChart}	Grid Colors	read
{LV.WaveformChart}	Grid Colors:X Color	read
{LV.WaveformChart}	Grid Colors:Y Color	read
{LV.WaveformChart}	Group Member Refs[]	read
{LV.WaveformChart}	Grouped	read
{LV.WaveformChart}	Has Caption	read
{LV.WaveformChart}	Indicator	read
{LV.WaveformChart}	Invoke Nodes[]	read
{LV.WaveformChart}	Is On Block Diagram?	read
{LV.WaveformChart}	Is On Connector Pane	read
{LV.WaveformChart}	Is Typedef?	read
{LV.WaveformChart}	Key Focus	read
{LV.WaveformChart}	Label	read
{LV.WaveformChart}	Latch Value	read
{LV.WaveformChart}	Legend:Autosize	read
{LV.WaveformChart}	Legend:Plots Shown	read
{LV.WaveformChart}	Legend:Position	read
{LV.WaveformChart}	Legend:Position:Left	read
{LV.WaveformChart}	Legend:Position:Top	read
{LV.WaveformChart}	Legend:Size	read
{LV.WaveformChart}	Legend:Size:Height	read
{LV.WaveformChart}	Legend:Size:Width	read
{LV.WaveformChart}	Legend:Visible	read
{LV.WaveformChart}	Local Variables[]	read
{LV.WaveformChart}	Locked	read
{LV.WaveformChart}	Master Bounds Rect	read
{LV.WaveformChart}	Modified	read
{LV.WaveformChart}	Owner (Deprecated)	read
{LV.WaveformChart}	Owning VI	read
{LV.WaveformChart}	Palette:Active Tool	read
{LV.WaveformChart}	Palette:Visible	read
{LV.WaveformChart}	Plot	read
{LV.WaveformChart}	Plot Area Bounds	read
{LV.WaveformChart}	Plot Area:Colors	read
{LV.WaveformChart}	Plot Area:Colors:BG Color	read
{LV.WaveformChart}	Plot Area:Colors:FG Color	read
{LV.WaveformChart}	Plot Area:Position	read
{LV.WaveformChart}	Plot Area:Position:Left	read
{LV.WaveformChart}	Plot Area:Position:Top	read
{LV.WaveformChart}	Plot Area:Size	read
{LV.WaveformChart}	Position	read
{LV.WaveformChart}	Position:Left	read
{LV.WaveformChart}	Position:Top	read
{LV.WaveformChart}	Property Nodes[]	read
{LV.WaveformChart}	Scale Legend:Visible	read
{LV.WaveformChart}	Selected	read
{LV.WaveformChart}	Skip When Tabbing	read
{LV.WaveformChart}	Stack Plots?	read
{LV.WaveformChart}	Synchronous Display	read
{LV.WaveformChart}	Terminal	read
{LV.WaveformChart}	Tip Strip	read
{LV.WaveformChart}	Total Bounds Rect	read
{LV.WaveformChart}	Transpose Array	read
{LV.WaveformChart}	Type Descriptor	read
{LV.WaveformChart}	Typedef:Path	read
{LV.WaveformChart}	Typedef:VI	read
{LV.WaveformChart}	Update Mode	read
{LV.WaveformChart}	Value	read
{LV.WaveformChart}	Value (Signaling)	write
{LV.WaveformChart}	Visible	read
{LV.WaveformChart}	Wizard Data	read
{LV.WaveformChart}	X Scale	read
{LV.WaveformChart}	X Scrollbar Visible	read
{LV.WaveformChart}	Y Scale	read
{LV.WaveformData}	Auto-Update From Typedef	read
{LV.WaveformData}	Bit Accurate Data Size	read
{LV.WaveformData}	Blinking	read
{LV.WaveformData}	Bounds	read
{LV.WaveformData}	Bounds:Area Height	read
{LV.WaveformData}	Bounds:Area Width	read
{LV.WaveformData}	Caption	read
{LV.WaveformData}	Class ID	read
{LV.WaveformData}	Class Name	read
{LV.WaveformData}	Control Reference Nodes[]	read
{LV.WaveformData}	Controls[]	read
{LV.WaveformData}	DataSocket:Enabled	read
{LV.WaveformData}	DataSocket:LED Visible	read
{LV.WaveformData}	DataSocket:Mode	read
{LV.WaveformData}	DataSocket:Status	read
{LV.WaveformData}	DataSocket:URL	read
{LV.WaveformData}	Default Value	read
{LV.WaveformData}	Description	read
{LV.WaveformData}	Disabled	read
{LV.WaveformData}	Focus Key Binding	read
{LV.WaveformData}	Group Member Refs[]	read
{LV.WaveformData}	Grouped	read
{LV.WaveformData}	Has Caption	read
{LV.WaveformData}	Indicator	read
{LV.WaveformData}	Invoke Nodes[]	read
{LV.WaveformData}	Is On Block Diagram?	read
{LV.WaveformData}	Is On Connector Pane	read
{LV.WaveformData}	Is Typedef?	read
{LV.WaveformData}	Key Focus	read
{LV.WaveformData}	Label	read
{LV.WaveformData}	Latch Value	read
{LV.WaveformData}	Local Variables[]	read
{LV.WaveformData}	Locked	read
{LV.WaveformData}	Master Bounds Rect	read
{LV.WaveformData}	Modified	read
{LV.WaveformData}	Owner (Deprecated)	read
{LV.WaveformData}	Owning VI	read
{LV.WaveformData}	Position	read
{LV.WaveformData}	Position:Left	read
{LV.WaveformData}	Position:Top	read
{LV.WaveformData}	Property Nodes[]	read
{LV.WaveformData}	Selected	read
{LV.WaveformData}	Skip When Tabbing	read
{LV.WaveformData}	Synchronous Display	read
{LV.WaveformData}	Terminal	read
{LV.WaveformData}	Tip Strip	read
{LV.WaveformData}	Total Bounds Rect	read
{LV.WaveformData}	Type Descriptor	read
{LV.WaveformData}	Typedef:Path	read
{LV.WaveformData}	Typedef:VI	read
{LV.WaveformData}	Value	read
{LV.WaveformData}	Value (Signaling)	write
{LV.WaveformData}	Visible	read
{LV.WaveformData}	Wizard Data	read
{LV.WaveformGraph}	Active Cursor	read
{LV.WaveformGraph}	Active Plot	read
{LV.WaveformGraph}	Active X Scale	read
{LV.WaveformGraph}	Active Y Scale	read
{LV.WaveformGraph}	Auto-Update From Typedef	read
{LV.WaveformGraph}	Bit Accurate Data Size	read
{LV.WaveformGraph}	Blinking	read
{LV.WaveformGraph}	Bounds	read
{LV.WaveformGraph}	Bounds:Area Height	read
{LV.WaveformGraph}	Bounds:Area Width	read
{LV.WaveformGraph}	Caption	read
{LV.WaveformGraph}	Class ID	read
{LV.WaveformGraph}	Class Name	read
{LV.WaveformGraph}	Control Reference Nodes[]	read
{LV.WaveformGraph}	Cursor	read
{LV.WaveformGraph}	Cursor Legend Visible	read
{LV.WaveformGraph}	DataSocket:Enabled	read
{LV.WaveformGraph}	DataSocket:LED Visible	read
{LV.WaveformGraph}	DataSocket:Mode	read
{LV.WaveformGraph}	DataSocket:Status	read
{LV.WaveformGraph}	DataSocket:URL	read
{LV.WaveformGraph}	Default Value	read
{LV.WaveformGraph}	Description	read
{LV.WaveformGraph}	Disabled	read
{LV.WaveformGraph}	Focus Key Binding	read
{LV.WaveformGraph}	Graph Flavor	read
{LV.WaveformGraph}	Grid Colors	read
{LV.WaveformGraph}	Grid Colors:X Color	read
{LV.WaveformGraph}	Grid Colors:Y Color	read
{LV.WaveformGraph}	Group Member Refs[]	read
{LV.WaveformGraph}	Grouped	read
{LV.WaveformGraph}	Has Caption	read
{LV.WaveformGraph}	Ignore Attributes	read
{LV.WaveformGraph}	Ignore Timestamp	read
{LV.WaveformGraph}	Indicator	read
{LV.WaveformGraph}	Invoke Nodes[]	read
{LV.WaveformGraph}	Is On Block Diagram?	read
{LV.WaveformGraph}	Is On Connector Pane	read
{LV.WaveformGraph}	Is Typedef?	read
{LV.WaveformGraph}	Key Focus	read
{LV.WaveformGraph}	Label	read
{LV.WaveformGraph}	Latch Value	read
{LV.WaveformGraph}	Legend:Autosize	read
{LV.WaveformGraph}	Legend:Plots Shown	read
{LV.WaveformGraph}	Legend:Position	read
{LV.WaveformGraph}	Legend:Position:Left	read
{LV.WaveformGraph}	Legend:Position:Top	read
{LV.WaveformGraph}	Legend:Size	read
{LV.WaveformGraph}	Legend:Size:Height	read
{LV.WaveformGraph}	Legend:Size:Width	read
{LV.WaveformGraph}	Legend:Visible	read
{LV.WaveformGraph}	Local Variables[]	read
{LV.WaveformGraph}	Locked	read
{LV.WaveformGraph}	Master Bounds Rect	read
{LV.WaveformGraph}	Modified	read
{LV.WaveformGraph}	Old Cursor List	read
{LV.WaveformGraph}	Owner (Deprecated)	read
{LV.WaveformGraph}	Owning VI	read
{LV.WaveformGraph}	Palette:Active Tool	read
{LV.WaveformGraph}	Palette:Visible	read
{LV.WaveformGraph}	Plot	read
{LV.WaveformGraph}	Plot Area Bounds	read
{LV.WaveformGraph}	Plot Area:Colors	read
{LV.WaveformGraph}	Plot Area:Colors:BG Color	read
{LV.WaveformGraph}	Plot Area:Colors:FG Color	read
{LV.WaveformGraph}	Plot Area:Position	read
{LV.WaveformGraph}	Plot Area:Position:Left	read
{LV.WaveformGraph}	Plot Area:Position:Top	read
{LV.WaveformGraph}	Plot Area:Size	read
{LV.WaveformGraph}	Position	read
{LV.WaveformGraph}	Position:Left	read
{LV.WaveformGraph}	Position:Top	read
{LV.WaveformGraph}	Property Nodes[]	read
{LV.WaveformGraph}	Scale Legend:Visible	read
{LV.WaveformGraph}	Selected	read
{LV.WaveformGraph}	Selected Cursors	read
{LV.WaveformGraph}	Skip When Tabbing	read
{LV.WaveformGraph}	Smooth Update	read
{LV.WaveformGraph}	Synchronous Display	read
{LV.WaveformGraph}	Terminal	read
{LV.WaveformGraph}	Tip Strip	read
{LV.WaveformGraph}	Total Bounds Rect	read
{LV.WaveformGraph}	Transpose Array	read
{LV.WaveformGraph}	Type Descriptor	read
{LV.WaveformGraph}	Typedef:Path	read
{LV.WaveformGraph}	Typedef:VI	read
{LV.WaveformGraph}	Value	read
{LV.WaveformGraph}	Value (Signaling)	write
{LV.WaveformGraph}	Visible	read
{LV.WaveformGraph}	Wizard Data	read
{LV.WaveformGraph}	X Scale	read
{LV.WaveformGraph}	X Scrollbar Visible	read
{LV.WaveformGraph}	Y Scale	read
{LV.WhileLoop}	AutoSize To Fit Contents?	read
{LV.WhileLoop}	Bounds	read
{LV.WhileLoop}	Bounds:Area Height	read
{LV.WhileLoop}	Bounds:Area Width	read
{LV.WhileLoop}	Class ID	read
{LV.WhileLoop}	Class Name	read
{LV.WhileLoop}	Clump Num	read
{LV.WhileLoop}	Description	read
{LV.WhileLoop}	Diagram	read
{LV.WhileLoop}	Diagrams[]	read
{LV.WhileLoop}	Fire Count	read
{LV.WhileLoop}	Frame Size	read
{LV.WhileLoop}	Group Member Refs[]	read
{LV.WhileLoop}	Grouped	read
{LV.WhileLoop}	Icon	read
{LV.WhileLoop}	Is Asynchronous	read
{LV.WhileLoop}	Is Break Point Set	read
{LV.WhileLoop}	Is On Block Diagram?	read
{LV.WhileLoop}	Label	read
{LV.WhileLoop}	Locked	read
{LV.WhileLoop}	Loop Counter	read
{LV.WhileLoop}	Loop End Ref	read
{LV.WhileLoop}	Master Bounds Rect	read
{LV.WhileLoop}	Modified	read
{LV.WhileLoop}	Owner (Deprecated)	read
{LV.WhileLoop}	Owning VI	read
{LV.WhileLoop}	Position	read
{LV.WhileLoop}	Position:Left	read
{LV.WhileLoop}	Position:Top	read
{LV.WhileLoop}	Selected	read
{LV.WhileLoop}	Shift Registers[]	read
{LV.WhileLoop}	Short Count	read
{LV.WhileLoop}	Stop If True?	read
{LV.WhileLoop}	Style	read
{LV.WhileLoop}	Terminals[]	read
{LV.WhileLoop}	Total Bounds Rect	read
{LV.WhileLoop}	Tunnels[]	read
{LV.Wire}	Bounds	read
{LV.Wire}	Bounds:Area Height	read
{LV.Wire}	Bounds:Area Width	read
{LV.Wire}	Breakpoint? (Deprecated)	read
{LV.Wire}	Class ID	read
{LV.Wire}	Class Name	read
{LV.Wire}	Data Offset	read
{LV.Wire}	Description	read
{LV.Wire}	Group Member Refs[]	read
{LV.Wire}	Grouped	read
{LV.Wire}	Is Break Point Set	read
{LV.Wire}	Is Broken?	read
{LV.Wire}	Is On Block Diagram?	read
{LV.Wire}	Joints[]	read
{LV.Wire}	Locked	read
{LV.Wire}	Master Bounds Rect	read
{LV.Wire}	Modified	read
{LV.Wire}	Owner (Deprecated)	read
{LV.Wire}	Owning VI	read
{LV.Wire}	Position	read
{LV.Wire}	Position:Left	read
{LV.Wire}	Position:Top	read
{LV.Wire}	Probe	read
{LV.Wire}	Selected	read
{LV.Wire}	Source Addressing Mode	read
{LV.Wire}	Terminals[]	read
{LV.Wire}	Total Bounds Rect	read
